sequence_length,gc_content_pct,at_content_pct,a_count,t_count,g_count,c_count,gc_at_ratio,top_kmer_freq,unique_kmers_count,is_anomaly,risk_level,mutation_type
1046,55.8,44.2,231,230,305,280,1.269,21,56,1,Medium,Single Nucleotide Polymorphism
964,59.11,40.89,197,192,316,259,1.4781,41,49,1,Critical,Frameshift Mutation
1146,50.31,49.69,299,271,288,288,1.0105,28,64,1,Medium,Insertion
1019,55.7,44.3,225,227,292,275,1.2544,21,55,1,Medium,Single Nucleotide Polymorphism
998,52.49,47.51,237,239,261,261,1.0966,17,60,0,Low,Wildtype
962,54.89,45.11,216,218,264,264,1.2166,17,62,0,Low,Wildtype
1010,52.91,47.09,237,239,267,267,1.1218,19,60,0,Low,Wildtype
906,50.32,49.68,225,227,227,227,1.0044,26,48,1,High,Deletion
1182,54.0,46.0,286,258,319,319,1.1728,28,62,1,Medium,Insertion
1028,47.94,52.06,281,254,246,247,0.9215,31,64,1,Medium,Insertion
991,51.95,48.05,238,239,257,257,1.0776,17,58,0,Low,Wildtype
1076,57.52,42.48,228,224,343,281,1.3805,52,48,1,Critical,Frameshift Mutation
938,48.38,51.62,242,244,226,226,0.93,23,45,1,High,Deletion
1045,53.75,46.25,241,244,280,280,1.1546,17,60,0,Low,Wildtype
1006,47.92,52.08,261,263,241,241,0.9198,17,58,0,Low,Wildtype
969,51.44,48.56,235,236,249,249,1.0573,23,61,0,Low,Wildtype
982,53.15,46.85,230,232,260,260,1.1255,22,61,0,Low,Wildtype
1001,54.06,45.94,229,238,276,258,1.1435,28,59,1,Medium,Single Nucleotide Polymorphism
1015,59.92,40.08,203,201,315,296,1.5124,36,61,1,Medium,Single Nucleotide Polymorphism
996,55.0,45.0,224,226,273,273,1.2133,23,59,0,Low,Wildtype
1125,52.3,47.7,282,255,294,294,1.095,33,63,1,Medium,Insertion
1015,50.85,49.15,249,250,258,258,1.0341,17,64,0,Low,Wildtype
1051,52.87,47.13,247,250,277,277,1.1147,18,60,0,Low,Wildtype
1018,52.93,47.07,239,236,279,264,1.1432,26,59,1,Medium,Single Nucleotide Polymorphism
997,57.51,42.49,211,210,298,278,1.3682,33,60,1,Medium,Single Nucleotide Polymorphism
901,51.32,48.68,219,220,231,231,1.0524,24,54,1,High,Deletion
1050,51.08,48.92,256,258,268,268,1.0428,21,59,0,Low,Wildtype
994,58.65,41.35,205,200,305,284,1.4543,31,58,1,Medium,Single Nucleotide Polymorphism
1015,52.24,47.76,242,240,277,256,1.1058,25,59,1,Medium,Single Nucleotide Polymorphism
1014,52.52,47.48,240,242,266,266,1.1037,16,58,0,Low,Wildtype
1110,52.69,47.31,276,250,292,292,1.1103,34,61,1,Medium,Insertion
1046,55.61,44.39,232,234,290,290,1.2446,15,60,0,Low,Wildtype
960,54.15,45.85,220,222,259,259,1.1719,21,59,0,Low,Wildtype
1002,59.53,40.47,202,198,331,271,1.505,35,43,1,Critical,Frameshift Mutation
936,61.27,38.73,181,177,318,260,1.6145,44,39,1,Critical,Frameshift Mutation
911,45.46,54.54,248,249,207,207,0.833,22,48,1,High,Deletion
990,56.15,43.85,217,219,277,277,1.2706,19,60,0,Low,Wildtype
1030,52.48,47.52,244,246,270,270,1.102,17,59,0,Low,Wildtype
1083,47.85,52.15,297,268,259,259,0.9168,34,60,1,Medium,Insertion
994,57.35,42.65,211,215,290,278,1.3333,31,59,1,Medium,Single Nucleotide Polymorphism
1029,46.21,53.79,276,279,237,237,0.8541,24,59,0,Low,Wildtype
1033,52.88,47.12,243,241,287,262,1.1343,26,56,1,Medium,Single Nucleotide Polymorphism
978,52.97,47.03,229,231,259,259,1.1261,20,57,0,Low,Wildtype
997,60.98,39.02,194,190,337,276,1.5964,59,44,1,Critical,Frameshift Mutation
1006,54.1,45.9,230,232,272,272,1.1775,21,62,0,Low,Wildtype
1121,43.43,56.57,333,301,243,244,0.7681,39,66,1,Medium,Insertion
970,51.12,48.88,237,239,247,247,1.0378,13,61,0,Low,Wildtype
989,56.62,43.38,214,212,292,271,1.3216,32,60,1,Medium,Single Nucleotide Polymorphism
996,58.3,41.7,207,209,296,284,1.3942,26,60,1,Medium,Single Nucleotide Polymorphism
990,53.9,46.1,228,230,266,266,1.1616,20,57,0,Low,Wildtype
1032,52.69,47.31,244,239,302,247,1.1366,54,40,1,Critical,Frameshift Mutation
872,36.39,63.61,277,279,158,158,0.5683,15,57,1,High,Deletion
1003,58.84,41.16,206,202,327,268,1.4583,51,52,1,Critical,Frameshift Mutation
857,42.27,57.73,247,248,181,181,0.7313,17,50,1,High,Deletion
927,54.4,45.6,211,211,263,242,1.1967,31,60,1,Medium,Single Nucleotide Polymorphism
1040,60.43,39.57,205,201,349,285,1.5616,43,46,1,Critical,Frameshift Mutation
994,53.11,46.89,233,235,263,263,1.1239,17,58,0,Low,Wildtype
973,50.03,49.97,243,244,243,243,0.9979,20,58,0,Low,Wildtype
942,52.79,47.21,222,224,248,248,1.1121,22,61,0,Low,Wildtype
981,48.83,51.17,251,252,239,239,0.9503,17,59,0,Low,Wildtype
970,57.65,42.35,205,208,290,267,1.3487,25,59,1,Medium,Single Nucleotide Polymorphism
995,53.59,46.41,230,233,266,266,1.149,19,55,0,Low,Wildtype
866,54.0,46.0,199,201,233,233,1.165,21,47,1,High,Deletion
957,61.25,38.75,185,184,307,281,1.5935,29,62,1,Medium,Single Nucleotide Polymorphism
974,49.88,50.12,244,246,242,242,0.9878,20,60,0,Low,Wildtype
1030,57.71,42.29,217,220,304,289,1.357,27,54,1,Medium,Single Nucleotide Polymorphism
986,50.83,49.17,242,244,250,250,1.0288,17,62,0,Low,Wildtype
874,45.58,54.42,237,239,199,199,0.8361,28,56,1,High,Deletion
953,52.54,47.46,226,227,250,250,1.1038,22,56,0,Low,Wildtype
1010,59.99,40.01,202,197,336,275,1.5313,55,49,1,Critical,Frameshift Mutation
853,37.1,62.9,268,269,158,158,0.5885,26,56,1,High,Deletion
988,51.59,48.41,239,241,254,254,1.0583,16,57,0,Low,Wildtype
980,49.55,50.45,247,249,242,242,0.9758,18,58,0,Low,Wildtype
886,38.78,61.22,271,273,171,171,0.6287,25,58,1,High,Deletion
1083,43.07,56.93,324,293,233,233,0.7553,34,61,1,Medium,Insertion
1012,45.48,54.52,290,262,230,230,0.8333,37,63,1,Medium,Insertion
912,41.32,58.68,267,269,188,188,0.7015,20,50,1,High,Deletion
1047,51.39,48.61,254,255,269,269,1.057,21,57,0,Low,Wildtype
983,51.78,48.22,237,236,266,244,1.0782,32,58,1,Medium,Single Nucleotide Polymorphism
1069,52.79,47.21,252,253,282,282,1.1168,18,59,0,Low,Wildtype
917,44.39,55.61,254,257,203,203,0.7945,22,48,1,High,Deletion
1016,41.85,58.15,310,281,212,213,0.7191,35,64,1,Medium,Insertion
974,48.8,51.2,249,251,237,237,0.948,24,57,0,Low,Wildtype
1025,52.06,47.94,245,248,266,266,1.0791,18,59,0,Low,Wildtype
988,52.93,47.07,232,234,261,261,1.1202,16,62,0,Low,Wildtype
1017,53.2,46.8,237,240,270,270,1.1321,16,59,0,Low,Wildtype
1015,46.59,53.41,285,258,236,236,0.8692,38,63,1,Medium,Insertion
1060,58.52,41.48,231,209,310,310,1.4091,34,64,1,Medium,Insertion
940,47.23,52.77,248,250,221,221,0.8876,13,50,1,High,Deletion
988,53.02,46.98,232,231,273,252,1.1339,28,59,1,Medium,Single Nucleotide Polymorphism
997,52.97,47.03,234,235,264,264,1.1258,18,56,0,Low,Wildtype
1026,47.42,52.58,283,256,243,244,0.9035,26,65,1,Medium,Insertion
951,36.94,63.06,299,302,175,175,0.5824,21,49,1,High,Deletion
983,54.77,45.23,222,217,282,262,1.2392,30,55,1,Medium,Single Nucleotide Polymorphism
956,50.39,49.61,237,239,240,240,1.0084,25,54,1,High,Deletion
1028,51.55,48.45,249,252,274,253,1.0519,31,60,1,Medium,Single Nucleotide Polymorphism
1051,52.82,47.18,247,254,284,266,1.0978,20,66,1,Medium,Single Nucleotide Polymorphism
987,52.51,47.49,234,237,268,248,1.0955,25,50,1,Medium,Single Nucleotide Polymorphism
983,52.78,47.22,232,233,259,259,1.114,13,60,0,Low,Wildtype
999,53.16,46.84,233,236,265,265,1.1301,18,58,0,Low,Wildtype
1035,51.68,48.32,250,251,267,267,1.0659,17,58,0,Low,Wildtype
1117,44.46,55.54,326,295,248,248,0.7987,23,62,1,Medium,Insertion
973,47.45,52.55,255,258,230,230,0.8967,18,60,0,Low,Wildtype
1034,52.64,47.36,244,255,277,258,1.0721,27,58,1,Medium,Single Nucleotide Polymorphism
1018,62.54,37.46,190,186,353,289,1.7074,49,46,1,Critical,Frameshift Mutation
1039,55.12,44.88,233,234,286,286,1.2248,18,58,0,Low,Wildtype
1013,53.97,46.03,233,240,278,262,1.1416,27,58,1,Medium,Single Nucleotide Polymorphism
907,43.18,56.82,257,260,195,195,0.7544,18,46,1,High,Deletion
1036,50.69,49.31,255,257,262,262,1.0234,14,61,0,Low,Wildtype
1035,53.44,46.56,240,243,276,276,1.1429,20,58,0,Low,Wildtype
957,55.0,45.0,215,216,263,263,1.2204,17,59,0,Low,Wildtype
1039,53.11,46.89,243,246,275,275,1.1247,19,64,0,Low,Wildtype
982,64.64,35.36,173,169,352,288,1.8713,44,39,1,Critical,Frameshift Mutation
920,48.32,51.68,237,239,222,222,0.9328,20,51,1,High,Deletion
1120,47.16,52.84,311,281,264,264,0.8919,33,61,1,Medium,Insertion
864,48.9,51.1,220,222,211,211,0.9548,25,49,1,High,Deletion
928,53.17,46.83,217,219,246,246,1.1284,27,47,1,High,Deletion
994,52.57,47.43,235,237,261,261,1.1059,17,63,0,Low,Wildtype
958,47.94,52.06,249,251,229,229,0.916,28,46,1,High,Deletion
1008,50.85,49.15,247,249,262,250,1.0323,29,56,1,Medium,Single Nucleotide Polymorphism
912,47.35,52.65,240,242,215,215,0.8921,25,52,1,High,Deletion
964,49.3,50.7,244,246,237,237,0.9673,20,50,1,High,Deletion
1030,52.41,47.59,245,247,269,269,1.0935,14,59,0,Low,Wildtype
1039,52.49,47.51,246,249,272,272,1.099,19,60,0,Low,Wildtype
974,50.76,49.24,239,241,247,247,1.0292,19,61,0,Low,Wildtype
1032,53.43,46.57,240,237,286,269,1.1635,32,56,1,Medium,Single Nucleotide Polymorphism
856,45.06,54.94,235,237,192,192,0.8136,25,51,1,High,Deletion
958,49.49,50.51,241,243,237,237,0.9793,22,46,1,High,Deletion
975,47.81,52.19,254,255,233,233,0.9155,19,60,0,Low,Wildtype
949,60.37,39.63,188,190,295,276,1.5106,21,61,1,Medium,Single Nucleotide Polymorphism
983,63.67,36.33,178,186,319,300,1.7005,27,57,1,Medium,Single Nucleotide Polymorphism
992,52.22,47.78,236,238,259,259,1.0928,25,59,0,Low,Wildtype
990,52.13,47.87,236,238,258,258,1.0886,21,57,0,Low,Wildtype
1013,50.37,49.63,251,252,255,255,1.0139,19,59,0,Low,Wildtype
929,61.85,38.15,177,172,319,261,1.6619,40,35,1,Critical,Frameshift Mutation
997,51.76,48.24,240,241,258,258,1.0728,22,61,0,Low,Wildtype
969,61.56,38.44,186,187,306,290,1.5979,26,58,1,Medium,Single Nucleotide Polymorphism
1158,46.78,53.22,324,293,270,271,0.8768,36,60,1,Medium,Insertion
1021,61.03,38.97,198,201,321,301,1.5589,20,58,1,Medium,Single Nucleotide Polymorphism
1028,59.03,40.97,210,206,337,275,1.4712,36,30,1,Critical,Frameshift Mutation
1022,59.49,40.51,207,202,337,276,1.4988,44,53,1,Critical,Frameshift Mutation
1049,51.09,48.91,256,259,267,267,1.0369,16,60,0,Low,Wildtype
970,56.91,43.09,209,215,283,263,1.2877,26,57,1,Medium,Single Nucleotide Polymorphism
1026,50.61,49.39,253,255,259,259,1.0197,17,60,0,Low,Wildtype
1034,51.52,48.48,250,252,266,266,1.0598,15,59,0,Low,Wildtype
1031,56.07,43.93,226,227,289,289,1.2759,14,57,0,Low,Wildtype
1058,48.44,51.56,287,259,256,256,0.9377,35,64,1,Medium,Insertion
953,54.41,45.59,217,214,272,250,1.2111,23,59,1,Medium,Single Nucleotide Polymorphism
960,56.83,43.17,207,209,272,272,1.3077,18,60,0,Low,Wildtype
975,51.37,48.63,237,238,250,250,1.0526,16,58,0,Low,Wildtype
1019,57.75,42.25,215,211,326,267,1.392,47,45,1,Critical,Frameshift Mutation
985,49.21,50.79,250,251,242,242,0.9661,22,60,0,Low,Wildtype
1065,53.88,46.12,245,248,286,286,1.1602,19,59,0,Low,Wildtype
967,55.35,44.65,215,221,277,254,1.2179,26,64,1,Medium,Single Nucleotide Polymorphism
1052,54.83,45.17,237,233,320,262,1.2383,50,41,1,Critical,Frameshift Mutation
990,50.37,49.63,245,247,249,249,1.0122,11,59,0,Low,Wildtype
1120,52.26,47.74,281,254,292,293,1.0935,35,66,1,Medium,Insertion
874,43.99,56.01,244,246,192,192,0.7837,22,47,1,High,Deletion
1002,53.28,46.72,234,236,266,266,1.1319,19,63,0,Low,Wildtype
1025,48.46,51.54,278,251,248,248,0.9376,35,64,1,Medium,Insertion
970,55.98,44.02,213,218,279,260,1.2506,26,61,1,Medium,Single Nucleotide Polymorphism
1076,42.25,57.75,327,295,227,227,0.7299,41,61,1,Medium,Insertion
1029,43.5,56.5,305,276,223,225,0.7711,38,62,1,Medium,Insertion
963,56.35,43.65,210,213,279,261,1.2766,25,61,1,Medium,Single Nucleotide Polymorphism
989,51.19,48.81,241,242,253,253,1.0476,15,60,0,Low,Wildtype
993,40.73,59.27,294,295,202,202,0.6859,24,50,1,High,Deletion
1015,52.01,47.99,243,246,263,263,1.0757,18,59,0,Low,Wildtype
1034,54.86,45.14,233,235,283,283,1.2094,14,59,0,Low,Wildtype
1000,51.47,48.53,242,244,257,257,1.0576,23,60,0,Low,Wildtype
975,57.79,42.21,205,203,294,273,1.3897,29,60,1,Medium,Single Nucleotide Polymorphism
1101,44.64,55.36,320,290,245,246,0.8049,32,64,1,Medium,Insertion
1016,50.32,49.68,252,254,255,255,1.0079,16,59,0,Low,Wildtype
980,49.91,50.09,245,246,258,231,0.9959,35,53,1,Medium,Single Nucleotide Polymorphism
1023,53.24,46.76,239,240,272,272,1.1357,16,61,0,Low,Wildtype
1067,45.3,54.7,307,277,241,242,0.8271,30,64,1,Medium,Insertion
1026,51.24,48.76,250,252,262,262,1.0438,16,57,0,Low,Wildtype
1192,45.94,54.06,339,306,273,274,0.8481,36,63,1,Medium,Insertion
1019,59.33,40.67,207,209,308,295,1.4495,29,59,1,Medium,Single Nucleotide Polymorphism
973,60.75,39.25,190,187,328,268,1.5809,37,42,1,Critical,Frameshift Mutation
971,51.39,48.61,235,238,249,249,1.0529,21,59,0,Low,Wildtype
988,51.97,48.03,237,239,256,256,1.0756,16,59,0,Low,Wildtype
1016,53.77,46.23,234,236,273,273,1.1617,21,64,0,Low,Wildtype
1018,71.17,28.83,146,141,402,329,2.547,47,54,1,Critical,Frameshift Mutation
880,43.6,56.4,248,250,191,191,0.7671,17,52,1,High,Deletion
1022,50.23,49.77,254,256,256,256,1.0039,16,60,0,Low,Wildtype
1068,42.91,57.09,320,290,229,229,0.7508,41,63,1,Medium,Insertion
923,38.23,61.77,285,286,176,176,0.6165,21,50,1,High,Deletion
1010,59.49,40.51,204,210,305,291,1.4396,31,59,1,Medium,Single Nucleotide Polymorphism
1005,59.0,41.0,206,208,307,284,1.4275,25,52,1,Medium,Single Nucleotide Polymorphism
1015,54.75,45.25,229,232,277,277,1.2017,17,61,0,Low,Wildtype
1048,54.63,45.37,237,239,286,286,1.2017,22,61,0,Low,Wildtype
925,38.59,61.41,284,285,178,178,0.6257,26,47,1,High,Deletion
991,51.25,48.75,241,238,282,230,1.0689,58,45,1,Critical,Frameshift Mutation
1062,47.26,52.74,294,266,250,252,0.8964,35,62,1,Medium,Insertion
994,52.61,47.39,235,237,261,261,1.1059,10,56,0,Low,Wildtype
1068,50.99,49.01,261,263,272,272,1.0382,10,57,0,Low,Wildtype
1184,45.19,54.81,341,309,267,267,0.8215,33,61,1,Medium,Insertion
898,50.36,49.64,222,224,226,226,1.0135,21,49,1,High,Deletion
926,42.67,57.33,265,267,197,197,0.7406,20,51,1,High,Deletion
913,36.35,63.65,290,293,165,165,0.566,23,47,1,High,Deletion
1165,45.16,54.84,336,304,263,262,0.8203,36,64,1,Medium,Insertion
952,53.79,46.21,219,221,256,256,1.1636,16,60,0,Low,Wildtype
1048,53.79,46.21,242,244,281,281,1.1564,17,58,0,Low,Wildtype
867,42.12,57.88,250,253,182,182,0.7237,28,58,1,High,Deletion
1057,51.43,48.57,270,244,271,272,1.0564,32,66,1,Medium,Insertion
1039,54.65,45.35,235,238,283,283,1.1966,18,61,0,Low,Wildtype
965,52.01,47.99,231,234,250,250,1.0753,19,57,0,Low,Wildtype
1058,54.75,45.25,251,227,289,291,1.2134,29,63,1,Medium,Insertion
999,51.58,48.42,241,244,257,257,1.0598,17,56,0,Low,Wildtype
983,52.19,47.81,235,236,256,256,1.087,18,57,0,Low,Wildtype
1037,53.4,46.6,241,241,289,266,1.1515,29,60,1,Medium,Single Nucleotide Polymorphism
1177,45.02,54.98,340,308,264,265,0.8164,40,61,1,Medium,Insertion
1157,47.0,53.0,322,292,271,272,0.8844,45,60,1,Medium,Insertion
989,52.46,47.54,235,236,259,259,1.0998,17,59,0,Low,Wildtype
1100,38.43,61.57,356,322,211,211,0.6224,33,60,1,Medium,Insertion
971,51.14,48.86,237,238,248,248,1.0442,18,59,0,Low,Wildtype
957,54.43,45.57,218,219,260,260,1.1899,17,58,0,Low,Wildtype
1151,43.27,56.73,343,310,248,250,0.7626,41,63,1,Medium,Insertion
1125,56.14,43.86,259,234,315,317,1.2819,30,63,1,Medium,Insertion
877,44.94,55.06,241,242,197,197,0.8157,19,50,1,High,Deletion
1109,47.37,52.63,307,277,262,263,0.899,26,60,1,Medium,Insertion
974,54.67,45.33,220,227,275,252,1.179,27,58,1,Medium,Single Nucleotide Polymorphism
1007,53.81,46.19,232,235,270,270,1.1563,13,57,0,Low,Wildtype
1015,49.88,50.12,254,259,262,240,0.9786,34,64,1,Medium,Single Nucleotide Polymorphism
1019,53.0,47.0,239,240,270,270,1.1273,12,58,0,Low,Wildtype
976,50.76,49.24,240,242,247,247,1.0249,17,59,0,Low,Wildtype
942,63.74,36.26,170,167,333,272,1.7953,46,43,1,Critical,Frameshift Mutation
1018,54.04,45.96,233,234,282,269,1.1799,32,63,1,Medium,Single Nucleotide Polymorphism
829,46.99,53.01,219,222,194,194,0.8798,24,49,1,High,Deletion
1128,49.09,50.91,302,273,276,277,0.9617,43,66,1,Medium,Insertion
912,36.61,63.39,289,291,166,166,0.5724,25,56,1,High,Deletion
1004,54.82,45.18,226,229,288,261,1.2066,29,57,1,Medium,Single Nucleotide Polymorphism
1033,55.85,44.15,228,232,299,274,1.2457,41,54,1,Medium,Single Nucleotide Polymorphism
945,61.81,38.19,180,175,305,285,1.662,32,58,1,Medium,Single Nucleotide Polymorphism
998,52.57,47.43,236,238,262,262,1.1055,19,61,0,Low,Wildtype
1113,48.36,51.64,302,273,269,269,0.9357,29,61,1,Medium,Insertion
966,50.3,49.7,240,242,242,242,1.0041,20,58,0,Low,Wildtype
1067,52.92,47.08,251,252,282,282,1.1213,21,60,0,Low,Wildtype
1115,44.53,55.47,325,294,248,248,0.8013,32,64,1,Medium,Insertion
1015,53.43,46.57,236,237,271,271,1.1459,19,58,0,Low,Wildtype
1021,65.91,34.09,174,169,373,305,1.9767,47,48,1,Critical,Frameshift Mutation
992,55.64,44.36,220,216,306,250,1.2752,44,41,1,Critical,Frameshift Mutation
980,59.28,40.72,199,195,322,264,1.4873,57,48,1,Critical,Frameshift Mutation
1051,58.02,41.98,220,226,311,294,1.3565,26,57,1,Medium,Single Nucleotide Polymorphism
1043,52.01,47.99,250,251,271,271,1.0818,17,60,0,Low,Wildtype
996,56.45,43.55,216,213,312,255,1.3217,47,43,1,Critical,Frameshift Mutation
952,53.73,46.27,220,221,267,244,1.1587,26,59,1,Medium,Single Nucleotide Polymorphism
951,59.34,40.66,193,189,313,256,1.4895,42,38,1,Critical,Frameshift Mutation
979,62.92,37.08,181,177,342,279,1.7346,26,45,1,Critical,Frameshift Mutation
953,49.96,50.04,238,239,238,238,0.9979,25,58,1,High,Deletion
953,51.57,48.43,230,233,245,245,1.0583,14,57,0,Low,Wildtype
969,56.5,43.5,210,214,284,261,1.2854,27,52,1,Medium,Single Nucleotide Polymorphism
832,43.36,56.64,235,237,180,180,0.7627,20,53,1,High,Deletion
973,51.57,48.43,235,238,250,250,1.0571,19,58,0,Low,Wildtype
1020,55.19,44.81,228,230,281,281,1.2271,18,61,0,Low,Wildtype
937,54.71,45.29,212,213,269,243,1.2047,22,55,1,Medium,Single Nucleotide Polymorphism
987,64.37,35.63,175,172,352,288,1.8444,33,39,1,Critical,Frameshift Mutation
1071,49.84,50.16,282,255,266,268,0.9944,34,66,1,Medium,Insertion
1047,52.02,47.98,251,251,284,261,1.0857,31,61,1,Medium,Single Nucleotide Polymorphism
1002,52.39,47.61,238,240,262,262,1.0962,16,59,0,Low,Wildtype
1109,52.82,47.18,275,249,292,293,1.1164,34,61,1,Medium,Insertion
1030,58.46,41.54,213,210,334,273,1.435,36,43,1,Critical,Frameshift Mutation
957,49.17,50.83,243,244,235,235,0.9651,21,59,0,Low,Wildtype
988,57.45,42.55,210,209,296,273,1.358,32,57,1,Medium,Single Nucleotide Polymorphism
926,40.71,59.29,274,276,188,188,0.6836,23,48,1,High,Deletion
1107,46.64,53.36,310,281,258,258,0.8731,35,62,1,Medium,Insertion
1079,42.35,57.65,327,296,228,228,0.7319,37,64,1,Medium,Insertion
1095,48.41,51.59,297,269,265,264,0.9346,33,61,1,Medium,Insertion
923,55.43,44.57,205,213,260,245,1.2081,31,55,1,Medium,Single Nucleotide Polymorphism
1042,50.9,49.1,255,257,265,265,1.0352,12,59,0,Low,Wildtype
861,43.66,56.34,242,245,187,187,0.768,26,52,1,High,Deletion
844,42.71,57.29,241,243,180,180,0.7438,19,44,1,High,Deletion
868,47.92,52.08,226,228,207,207,0.9119,27,44,1,High,Deletion
1022,63.38,36.62,187,182,359,294,1.7696,42,43,1,Critical,Frameshift Mutation
1008,57.7,42.3,213,215,296,284,1.3551,34,57,1,Medium,Single Nucleotide Polymorphism
979,55.88,44.12,215,216,287,261,1.2715,28,58,1,Medium,Single Nucleotide Polymorphism
842,42.53,57.47,241,243,179,179,0.7397,25,46,1,High,Deletion
1071,53.65,46.35,261,236,287,287,1.1549,35,63,1,Medium,Insertion
1129,50.07,49.93,296,268,282,283,1.0018,33,63,1,Medium,Insertion
934,44.7,55.3,258,260,208,208,0.8031,19,49,1,High,Deletion
937,47.34,52.66,246,249,221,221,0.8929,25,49,1,High,Deletion
1003,52.82,47.18,236,239,264,264,1.1116,14,60,0,Low,Wildtype
1068,51.33,48.67,259,263,284,262,1.046,29,59,1,Medium,Single Nucleotide Polymorphism
1001,52.66,47.34,236,239,263,263,1.1074,16,56,0,Low,Wildtype
978,56.47,43.53,212,210,286,270,1.3175,29,58,1,Medium,Single Nucleotide Polymorphism
980,52.98,47.02,230,232,259,259,1.1212,23,59,0,Low,Wildtype
1021,52.12,47.88,244,239,277,261,1.1139,28,54,1,Medium,Single Nucleotide Polymorphism
999,60.69,39.31,196,193,316,294,1.5681,22,59,1,Medium,Single Nucleotide Polymorphism
1026,51.1,48.9,250,252,262,262,1.0438,16,60,0,Low,Wildtype
986,55.8,44.2,217,226,282,261,1.2257,41,53,1,Medium,Single Nucleotide Polymorphism
1067,51.39,48.61,259,260,274,274,1.0559,17,58,0,Low,Wildtype
1023,49.12,50.88,260,261,251,251,0.9635,12,63,0,Low,Wildtype
861,47.98,52.02,223,226,206,206,0.9176,24,49,1,High,Deletion
953,61.95,38.05,181,184,302,286,1.611,34,58,1,Medium,Single Nucleotide Polymorphism
973,49.34,50.66,246,247,240,240,0.9736,17,61,0,Low,Wildtype
996,60.53,39.47,196,200,307,293,1.5152,25,55,1,Medium,Single Nucleotide Polymorphism
927,38.5,61.5,285,286,178,178,0.6235,13,50,1,High,Deletion
1013,52.81,47.19,239,240,267,267,1.1148,21,57,0,Low,Wildtype
1136,52.77,47.23,282,255,299,300,1.1155,20,65,1,Medium,Insertion
994,53.33,46.67,231,233,265,265,1.1422,23,64,0,Low,Wildtype
980,52.27,47.73,233,235,256,256,1.094,22,58,0,Low,Wildtype
982,54.24,45.76,224,225,275,258,1.1871,30,54,1,Medium,Single Nucleotide Polymorphism
1019,57.39,42.61,217,221,303,278,1.3265,23,54,1,Medium,Single Nucleotide Polymorphism
1152,50.32,49.68,301,272,289,290,1.0105,33,61,1,Medium,Insertion
1124,45.0,55.0,325,294,252,253,0.8158,43,64,1,Medium,Insertion
1001,55.96,44.04,220,216,311,254,1.2959,34,45,1,Critical,Frameshift Mutation
990,62.9,37.1,183,188,316,303,1.6685,28,59,1,Medium,Single Nucleotide Polymorphism
1005,49.88,50.12,251,254,250,250,0.9901,20,61,0,Low,Wildtype
899,44.28,55.72,250,251,199,199,0.7944,22,57,1,High,Deletion
1006,53.0,47.0,236,238,266,266,1.1224,19,60,0,Low,Wildtype
1025,54.15,45.85,234,234,290,267,1.1902,29,60,1,Medium,Single Nucleotide Polymorphism
1013,55.35,44.65,226,227,280,280,1.2362,17,61,0,Low,Wildtype
967,51.23,48.77,235,238,247,247,1.0444,20,61,0,Low,Wildtype
993,59.64,40.36,200,195,329,269,1.5139,46,43,1,Critical,Frameshift Mutation
979,46.45,53.55,262,263,227,227,0.8648,24,61,1,High,Deletion
1098,55.37,44.63,257,233,303,305,1.2408,35,61,1,Medium,Insertion
1020,57.26,42.74,217,219,299,285,1.3394,24,57,1,Medium,Single Nucleotide Polymorphism
966,49.98,50.02,241,243,241,241,0.9959,19,61,0,Low,Wildtype
980,53.54,46.46,227,229,262,262,1.1491,21,63,0,Low,Wildtype
1002,50.72,49.28,246,248,254,254,1.0283,14,57,0,Low,Wildtype
1037,51.45,48.55,251,258,271,257,1.0373,25,62,1,Medium,Single Nucleotide Polymorphism
1051,41.17,58.83,325,294,216,216,0.6979,32,63,1,Medium,Insertion
1066,43.0,57.0,319,289,229,229,0.7533,41,65,1,Medium,Insertion
964,53.04,46.96,226,228,255,255,1.1233,22,59,0,Low,Wildtype
990,57.36,42.64,211,206,315,258,1.3741,44,43,1,Critical,Frameshift Mutation
1101,48.15,51.85,300,271,265,265,0.9282,39,65,1,Medium,Insertion
944,53.21,46.79,220,218,262,244,1.1553,27,53,1,Medium,Single Nucleotide Polymorphism
1095,43.98,56.02,322,292,240,241,0.7834,30,63,1,Medium,Insertion
964,57.03,42.97,207,207,284,266,1.3285,25,57,1,Medium,Single Nucleotide Polymorphism
1050,54.68,45.32,237,239,287,287,1.2059,14,61,0,Low,Wildtype
1024,52.56,47.44,242,249,274,259,1.0855,23,55,1,Medium,Single Nucleotide Polymorphism
916,46.09,53.91,246,248,211,211,0.8543,23,45,1,High,Deletion
961,53.01,46.99,225,228,254,254,1.1214,19,62,0,Low,Wildtype
984,51.72,48.28,237,239,254,254,1.0672,13,63,0,Low,Wildtype
1002,53.45,46.55,233,235,267,267,1.141,20,62,0,Low,Wildtype
975,53.4,46.6,227,228,260,260,1.1429,17,64,0,Low,Wildtype
840,49.69,50.31,211,213,208,208,0.9811,23,53,1,High,Deletion
1108,41.57,58.43,340,308,230,230,0.7099,36,59,1,Medium,Insertion
1036,59.11,40.89,211,212,318,295,1.4492,29,57,1,Medium,Single Nucleotide Polymorphism
976,50.62,49.38,240,242,247,247,1.0249,15,58,0,Low,Wildtype
997,53.85,46.15,230,238,275,254,1.1303,34,62,1,Medium,Single Nucleotide Polymorphism
955,52.61,47.39,226,231,257,241,1.0897,27,50,1,Medium,Single Nucleotide Polymorphism
1027,50.61,49.39,253,256,259,259,1.0177,18,55,0,Low,Wildtype
1029,53.74,46.26,238,247,281,263,1.1216,30,56,1,Medium,Single Nucleotide Polymorphism
1025,54.83,45.17,231,237,286,271,1.1902,26,62,1,Medium,Single Nucleotide Polymorphism
1098,51.58,48.42,279,253,283,283,1.0639,44,61,1,Medium,Insertion
1043,51.44,48.56,266,241,268,268,1.0572,28,63,1,Medium,Insertion
950,55.25,44.75,212,214,262,262,1.23,16,59,0,Low,Wildtype
979,53.29,46.71,228,234,267,250,1.119,22,60,1,Medium,Single Nucleotide Polymorphism
1045,46.88,53.12,292,264,244,245,0.8795,39,64,1,Medium,Insertion
993,59.8,40.2,199,203,304,287,1.4701,35,52,1,Medium,Single Nucleotide Polymorphism
924,41.53,58.47,270,272,191,191,0.7048,24,50,1,High,Deletion
1072,45.74,54.26,306,276,245,245,0.8419,29,60,1,Medium,Insertion
1021,52.02,47.98,244,247,265,265,1.0794,21,55,0,Low,Wildtype
957,52.03,47.97,229,232,248,248,1.0759,19,61,0,Low,Wildtype
1121,48.66,51.34,302,274,272,273,0.9462,33,62,1,Medium,Insertion
988,48.33,51.67,255,257,238,238,0.9297,22,58,0,Low,Wildtype
993,48.77,51.23,254,261,247,231,0.9282,28,63,1,Medium,Single Nucleotide Polymorphism
990,62.12,37.88,187,183,341,279,1.6757,51,54,1,Critical,Frameshift Mutation
992,54.99,45.01,223,225,283,261,1.2143,24,55,1,Medium,Single Nucleotide Polymorphism
1035,53.63,46.37,239,242,289,265,1.1518,27,58,1,Medium,Single Nucleotide Polymorphism
1132,49.47,50.53,301,272,279,280,0.9756,40,65,1,Medium,Insertion
1000,52.11,47.89,239,244,267,250,1.0704,26,58,1,Medium,Single Nucleotide Polymorphism
1003,56.9,43.1,216,219,294,274,1.3057,29,55,1,Medium,Single Nucleotide Polymorphism
983,53.58,46.42,228,224,292,239,1.1748,51,48,1,Critical,Frameshift Mutation
1030,56.96,43.04,221,225,300,284,1.3094,30,55,1,Medium,Single Nucleotide Polymorphism
1008,62.89,37.11,187,181,352,288,1.7391,52,45,1,Critical,Frameshift Mutation
1011,61.69,38.31,193,189,346,283,1.6466,42,41,1,Critical,Frameshift Mutation
1031,58.24,41.76,215,216,300,300,1.3921,16,62,0,Low,Wildtype
990,51.98,48.02,237,239,257,257,1.0798,23,57,0,Low,Wildtype
959,51.83,48.17,230,233,248,248,1.0713,19,60,0,Low,Wildtype
1010,52.07,47.93,242,244,262,262,1.0782,20,54,0,Low,Wildtype
977,51.81,48.19,235,236,253,253,1.0743,20,62,0,Low,Wildtype
1082,53.83,46.17,262,237,291,292,1.1683,39,65,1,Medium,Insertion
1019,49.72,50.28,256,257,253,253,0.9864,17,59,0,Low,Wildtype
1017,53.34,46.66,237,238,271,271,1.1411,15,60,0,Low,Wildtype
919,50.82,49.18,225,228,233,233,1.0287,29,45,1,High,Deletion
1020,50.16,49.84,254,256,255,255,1.0,22,57,0,Low,Wildtype
858,38.56,61.44,263,265,165,165,0.625,24,51,1,High,Deletion
1050,54.14,45.86,240,242,284,284,1.1784,18,61,0,Low,Wildtype
969,52.8,47.2,228,231,255,255,1.1111,23,59,0,Low,Wildtype
1082,45.39,54.61,310,281,245,246,0.8308,36,60,1,Medium,Insertion
1157,51.44,48.56,295,267,297,298,1.0587,36,62,1,Medium,Insertion
967,43.32,56.68,274,275,209,209,0.7614,23,52,1,High,Deletion
1164,57.68,42.32,259,234,335,336,1.3611,35,64,1,Medium,Insertion
887,41.42,58.58,259,262,183,183,0.7025,16,48,1,High,Deletion
1031,52.99,47.01,242,243,273,273,1.1258,17,62,0,Low,Wildtype
1022,53.63,46.37,236,238,274,274,1.1561,16,58,0,Low,Wildtype
879,43.96,56.04,246,247,193,193,0.783,27,51,1,High,Deletion
881,50.68,49.32,217,218,223,223,1.0253,30,50,1,High,Deletion
1055,56.38,43.62,230,225,330,270,1.3187,42,48,1,Critical,Frameshift Mutation
978,56.38,43.62,213,221,283,261,1.2535,27,57,1,Medium,Single Nucleotide Polymorphism
947,57.92,42.08,199,202,279,267,1.3616,27,57,1,Medium,Single Nucleotide Polymorphism
913,50.73,49.27,224,227,231,231,1.0244,19,54,1,High,Deletion
1001,49.78,50.22,251,252,249,249,0.9901,12,56,0,Low,Wildtype
978,59.15,40.85,199,196,321,262,1.4759,42,52,1,Critical,Frameshift Mutation
906,51.13,48.87,221,223,231,231,1.0405,28,50,1,High,Deletion
955,51.8,48.2,230,231,256,238,1.0716,32,59,1,Medium,Single Nucleotide Polymorphism
896,51.39,48.61,217,219,230,230,1.055,27,48,1,High,Deletion
876,45.61,54.39,238,240,199,199,0.8326,28,55,1,High,Deletion
977,51.03,48.97,239,240,249,249,1.0397,21,63,0,Low,Wildtype
1015,55.6,44.4,225,221,313,256,1.2758,37,56,1,Critical,Frameshift Mutation
994,52.2,47.8,237,237,271,249,1.097,30,58,1,Medium,Single Nucleotide Polymorphism
951,45.54,54.46,258,261,216,216,0.8324,24,45,1,High,Deletion
1011,51.59,48.41,244,247,260,260,1.0591,23,63,0,Low,Wildtype
929,44.4,55.6,258,259,206,206,0.7969,24,52,1,High,Deletion
1024,52.77,47.23,241,244,281,258,1.1113,30,55,1,Medium,Single Nucleotide Polymorphism
1026,50.74,49.26,252,254,260,260,1.0277,18,61,0,Low,Wildtype
999,62.27,37.73,188,184,345,282,1.6855,42,46,1,Critical,Frameshift Mutation
975,48.13,51.87,252,255,234,234,0.9231,22,57,0,Low,Wildtype
990,53.31,46.69,231,233,263,263,1.1336,22,60,0,Low,Wildtype
965,58.49,41.51,200,196,313,256,1.4369,34,43,1,Critical,Frameshift Mutation
950,57.69,42.31,200,197,304,249,1.3929,48,38,1,Critical,Frameshift Mutation
986,59.27,40.73,200,202,300,284,1.4527,30,56,1,Medium,Single Nucleotide Polymorphism
1124,44.29,55.71,329,298,248,249,0.7927,25,62,1,Medium,Insertion
1040,56.85,43.15,224,227,304,285,1.306,25,61,1,Medium,Single Nucleotide Polymorphism
1003,51.8,48.2,241,244,259,259,1.068,18,59,0,Low,Wildtype
1046,50.5,49.5,258,260,264,264,1.0193,15,57,0,Low,Wildtype
1050,43.63,56.37,311,281,229,229,0.7736,40,64,1,Medium,Insertion
875,48.22,51.78,226,229,210,210,0.9231,24,45,1,High,Deletion
874,43.59,56.41,246,248,190,190,0.7692,23,56,1,High,Deletion
917,44.75,55.25,253,254,205,205,0.8087,24,48,1,High,Deletion
1011,50.58,49.42,249,252,255,255,1.018,19,54,0,Low,Wildtype
1001,60.03,39.97,200,202,313,286,1.49,26,61,1,Medium,Single Nucleotide Polymorphism
973,53.92,46.08,224,225,262,262,1.167,18,59,0,Low,Wildtype
922,55.24,44.76,206,208,264,244,1.2271,28,59,1,Medium,Single Nucleotide Polymorphism
989,53.01,46.99,232,240,269,248,1.0953,25,57,1,Medium,Single Nucleotide Polymorphism
917,45.78,54.22,248,251,209,209,0.8377,26,46,1,High,Deletion
979,53.97,46.03,225,220,278,256,1.2,24,55,1,Medium,Single Nucleotide Polymorphism
1016,54.46,45.54,231,233,276,276,1.1897,16,60,0,Low,Wildtype
937,50.83,49.17,230,231,238,238,1.0325,17,58,0,Low,Wildtype
832,42.33,57.67,239,241,176,176,0.7333,25,55,1,High,Deletion
1156,54.08,45.92,279,252,312,313,1.177,44,63,1,Medium,Insertion
994,53.21,46.79,232,234,264,264,1.133,17,63,0,Low,Wildtype
1033,53.5,46.5,240,241,276,276,1.1476,18,59,0,Low,Wildtype
1122,43.49,56.51,333,301,243,245,0.7697,37,70,1,Medium,Insertion
937,55.45,44.55,208,211,259,259,1.2363,17,60,0,Low,Wildtype
940,43.3,56.7,266,268,203,203,0.7603,22,41,1,High,Deletion
1060,48.35,51.65,288,260,256,256,0.9343,30,61,1,Medium,Insertion
1036,51.03,48.97,253,255,264,264,1.0394,22,58,0,Low,Wildtype
1009,51.11,48.89,246,249,257,257,1.0384,20,57,0,Low,Wildtype
1021,60.57,39.43,201,196,343,281,1.5718,36,39,1,Critical,Frameshift Mutation
987,60.69,39.31,193,197,311,286,1.5308,25,53,1,Medium,Single Nucleotide Polymorphism
970,52.3,47.7,231,239,259,241,1.0638,27,58,1,Medium,Single Nucleotide Polymorphism
970,48.94,51.06,247,249,237,237,0.9556,25,52,1,High,Deletion
970,55.1,44.9,217,215,296,242,1.2454,56,42,1,Critical,Frameshift Mutation
940,62.9,37.1,174,170,328,268,1.7326,41,43,1,Critical,Frameshift Mutation
819,43.43,56.57,231,234,177,177,0.7613,24,50,1,High,Deletion
958,55.35,44.65,213,214,278,253,1.2436,23,58,1,Medium,Single Nucleotide Polymorphism
998,52.97,47.03,234,236,264,264,1.1234,13,60,0,Low,Wildtype
987,43.51,56.49,278,281,214,214,0.7657,18,53,1,High,Deletion
983,53.38,46.62,229,237,269,248,1.1094,32,57,1,Medium,Single Nucleotide Polymorphism
1025,53.09,46.91,240,236,283,266,1.1534,32,54,1,Medium,Single Nucleotide Polymorphism
974,56.96,43.04,209,205,308,252,1.3527,45,48,1,Critical,Frameshift Mutation
1006,52.51,47.49,238,240,264,264,1.1046,17,57,0,Low,Wildtype
1010,53.8,46.2,233,235,285,257,1.1581,29,56,1,Medium,Single Nucleotide Polymorphism
1034,55.64,44.36,229,231,287,287,1.2478,13,57,0,Low,Wildtype
1001,55.23,44.77,224,223,285,269,1.2394,35,60,1,Medium,Single Nucleotide Polymorphism
993,53.72,46.28,229,232,266,266,1.154,19,61,0,Low,Wildtype
1005,50.18,49.82,250,251,252,252,1.006,14,59,0,Low,Wildtype
1004,50.64,49.36,247,249,254,254,1.0242,19,64,0,Low,Wildtype
1057,50.33,49.67,276,250,265,266,1.0095,32,59,1,Medium,Insertion
1062,51.03,48.97,273,247,270,272,1.0423,32,66,1,Medium,Insertion
1016,51.99,48.01,243,253,269,251,1.0484,20,61,1,Medium,Single Nucleotide Polymorphism
1011,62.17,37.83,191,186,349,285,1.6817,45,45,1,Critical,Frameshift Mutation
964,56.59,43.41,209,206,282,267,1.3229,30,57,1,Medium,Single Nucleotide Polymorphism
961,52.53,47.47,228,229,252,252,1.1028,18,57,0,Low,Wildtype
942,47.79,52.21,245,247,225,225,0.9146,25,49,1,High,Deletion
1010,55.91,44.09,222,224,282,282,1.2646,17,58,0,Low,Wildtype
967,58.44,41.56,200,198,313,256,1.4296,35,50,1,Critical,Frameshift Mutation
978,50.48,49.52,242,244,246,246,1.0123,22,60,0,Low,Wildtype
1003,59.1,40.9,205,200,329,269,1.4765,49,34,1,Critical,Frameshift Mutation
1034,51.33,48.67,251,253,265,265,1.0516,19,62,0,Low,Wildtype
844,42.16,57.84,244,246,177,177,0.7224,30,48,1,High,Deletion
1069,61.87,38.13,203,205,339,322,1.6201,26,58,1,Medium,Single Nucleotide Polymorphism
1001,52.41,47.59,238,234,291,238,1.1208,35,46,1,Critical,Frameshift Mutation
1052,52.04,47.96,252,254,273,273,1.0791,18,61,0,Low,Wildtype
961,61.11,38.89,186,185,307,283,1.5903,35,59,1,Medium,Single Nucleotide Polymorphism
1049,57.49,42.51,222,218,335,274,1.3841,46,48,1,Critical,Frameshift Mutation
988,55.2,44.8,221,222,283,262,1.2302,30,56,1,Medium,Single Nucleotide Polymorphism
1193,37.34,62.66,393,355,222,223,0.5949,25,64,1,Medium,Insertion
1087,49.68,50.32,287,260,270,270,0.9872,37,62,1,Medium,Insertion
992,59.86,40.14,199,204,301,288,1.4615,33,53,1,Medium,Single Nucleotide Polymorphism
1102,47.03,52.97,307,277,259,259,0.887,43,65,1,Medium,Insertion
978,57.08,42.92,209,211,292,266,1.3286,29,54,1,Medium,Single Nucleotide Polymorphism
980,54.86,45.14,221,217,298,244,1.2374,46,39,1,Critical,Frameshift Mutation
1041,51.46,48.54,252,255,267,267,1.0533,20,62,0,Low,Wildtype
1032,50.87,49.13,253,255,262,262,1.0315,16,59,0,Low,Wildtype
1018,57.45,42.55,216,213,324,265,1.373,47,43,1,Critical,Frameshift Mutation
892,47.96,52.04,232,234,213,213,0.9142,22,44,1,High,Deletion
979,59.14,40.86,200,195,303,281,1.4785,28,59,1,Medium,Single Nucleotide Polymorphism
1149,43.92,56.08,339,306,252,252,0.7814,33,64,1,Medium,Insertion
981,52.14,47.86,234,237,255,255,1.0828,21,59,0,Low,Wildtype
982,53.31,46.69,229,231,261,261,1.1348,19,58,0,Low,Wildtype
940,54.17,45.83,215,219,263,243,1.1659,30,55,1,Medium,Single Nucleotide Polymorphism
999,54.03,45.97,229,230,278,262,1.1765,35,57,1,Medium,Single Nucleotide Polymorphism
956,56.81,43.19,206,208,280,262,1.3092,25,59,1,Medium,Single Nucleotide Polymorphism
986,50.61,49.39,243,245,249,249,1.0205,14,56,0,Low,Wildtype
990,60.79,39.21,194,189,334,273,1.5849,34,49,1,Critical,Frameshift Mutation
980,63.72,36.28,177,174,346,283,1.792,48,43,1,Critical,Frameshift Mutation
1058,50.44,49.56,275,249,266,268,1.0191,39,63,1,Medium,Insertion
986,57.07,42.93,211,211,289,275,1.3365,23,57,1,Medium,Single Nucleotide Polymorphism
976,54.66,45.34,221,223,266,266,1.1982,14,61,0,Low,Wildtype
916,52.32,47.68,218,220,239,239,1.0913,22,55,1,High,Deletion
1200,44.19,55.81,352,318,265,265,0.791,40,63,1,Medium,Insertion
1027,53.09,46.91,240,243,272,272,1.1263,22,60,0,Low,Wildtype
1018,56.38,43.62,222,218,318,260,1.3136,46,57,1,Critical,Frameshift Mutation
896,43.86,56.14,251,253,196,196,0.7778,27,51,1,High,Deletion
1033,54.11,45.89,237,232,310,254,1.2026,38,43,1,Critical,Frameshift Mutation
1090,46.51,53.49,306,277,253,254,0.8696,38,60,1,Medium,Insertion
1061,50.84,49.16,274,248,269,270,1.0326,29,64,1,Medium,Insertion
1011,53.92,46.08,232,228,285,266,1.1978,29,54,1,Medium,Single Nucleotide Polymorphism
969,58.81,41.19,199,195,316,259,1.4594,38,54,1,Critical,Frameshift Mutation
885,45.76,54.24,240,241,202,202,0.8399,28,52,1,High,Deletion
1037,51.16,48.84,253,254,265,265,1.0454,14,60,0,Low,Wildtype
998,51.6,48.4,241,243,257,257,1.062,21,60,0,Low,Wildtype
1007,55.02,44.98,226,223,291,267,1.2428,29,55,1,Medium,Single Nucleotide Polymorphism
877,37.57,62.43,273,276,164,164,0.5974,27,48,1,High,Deletion
1040,69.19,30.81,160,154,399,327,2.3121,48,39,1,Critical,Frameshift Mutation
1036,55.47,44.53,230,232,287,287,1.2424,21,57,0,Low,Wildtype
940,58.13,41.87,196,206,278,260,1.3383,27,48,1,Medium,Single Nucleotide Polymorphism
1020,55.06,44.94,229,232,291,268,1.2126,23,54,1,Medium,Single Nucleotide Polymorphism
1016,50.48,49.52,251,248,284,233,1.0361,45,43,1,Critical,Frameshift Mutation
899,56.06,43.94,197,198,252,252,1.2759,22,54,1,High,Deletion
933,39.62,60.38,281,284,184,184,0.6513,21,48,1,High,Deletion
1042,48.54,51.46,268,263,266,245,0.9623,27,60,1,Medium,Single Nucleotide Polymorphism
992,50.01,49.99,247,249,253,243,1.0,32,57,1,Medium,Single Nucleotide Polymorphism
1049,53.57,46.43,243,246,280,280,1.1452,22,58,0,Low,Wildtype
976,52.69,47.31,230,232,257,257,1.1126,13,60,0,Low,Wildtype
922,50.32,49.68,229,231,231,231,1.0043,26,55,1,High,Deletion
884,38.05,61.95,273,275,168,168,0.6131,21,52,1,High,Deletion
1007,52.48,47.52,239,235,293,240,1.1245,44,40,1,Critical,Frameshift Mutation
1035,71.6,28.4,146,142,411,336,2.5938,51,47,1,Critical,Frameshift Mutation
999,57.32,42.68,213,217,297,272,1.3233,29,57,1,Medium,Single Nucleotide Polymorphism
892,45.71,54.29,242,244,203,203,0.8354,20,45,1,High,Deletion
1027,61.19,38.81,199,194,349,285,1.6132,38,45,1,Critical,Frameshift Mutation
969,48.0,52.0,251,254,232,232,0.9188,26,49,1,High,Deletion
969,54.46,45.54,220,223,263,263,1.1874,15,63,0,Low,Wildtype
991,60.77,39.23,194,198,311,288,1.5281,25,56,1,Medium,Single Nucleotide Polymorphism
1012,52.15,47.85,242,244,263,263,1.0823,16,59,0,Low,Wildtype
1001,49.36,50.64,253,250,274,224,0.9901,44,41,1,Critical,Frameshift Mutation
1105,47.88,52.12,303,274,264,264,0.9151,30,67,1,Medium,Insertion
970,47.51,52.49,254,256,230,230,0.902,22,58,0,Low,Wildtype
1114,46.57,53.43,313,283,259,259,0.8691,47,61,1,Medium,Insertion
1047,53.96,46.04,253,229,282,283,1.1722,30,61,1,Medium,Insertion
993,56.23,43.77,217,220,287,269,1.2723,28,55,1,Medium,Single Nucleotide Polymorphism
1029,52.51,47.49,244,245,270,270,1.1043,12,61,0,Low,Wildtype
1097,53.56,46.44,268,242,293,294,1.151,39,63,1,Medium,Insertion
952,53.59,46.41,220,223,262,247,1.149,29,65,1,Medium,Single Nucleotide Polymorphism
937,37.1,62.9,294,297,173,173,0.5854,21,45,1,High,Deletion
958,52.97,47.03,225,221,264,248,1.148,24,53,1,Medium,Single Nucleotide Polymorphism
970,46.74,53.26,258,260,226,226,0.8726,34,52,1,High,Deletion
1005,57.42,42.58,213,225,293,274,1.2945,25,56,1,Medium,Single Nucleotide Polymorphism
1059,53.5,46.5,246,248,292,273,1.1437,27,57,1,Medium,Single Nucleotide Polymorphism
941,43.96,56.04,263,266,206,206,0.7788,21,49,1,High,Deletion
1012,57.25,42.75,216,220,295,281,1.3211,32,56,1,Medium,Single Nucleotide Polymorphism
1038,52.43,47.57,246,248,272,272,1.1012,21,61,0,Low,Wildtype
954,55.49,44.51,212,214,264,264,1.2394,18,61,0,Low,Wildtype
861,47.02,52.98,228,229,202,202,0.884,18,51,1,High,Deletion
1095,45.54,54.46,313,283,249,250,0.8372,38,61,1,Medium,Insertion
1054,50.97,49.03,272,246,268,268,1.0347,28,62,1,Medium,Insertion
984,50.9,49.1,241,243,250,250,1.0331,16,59,0,Low,Wildtype
1008,47.0,53.0,267,269,236,236,0.8806,10,59,0,Low,Wildtype
994,52.38,47.62,236,238,260,260,1.097,15,60,0,Low,Wildtype
1003,53.8,46.2,231,240,276,256,1.1295,30,58,1,Medium,Single Nucleotide Polymorphism
1063,57.79,42.21,224,234,312,293,1.321,26,57,1,Medium,Single Nucleotide Polymorphism
997,55.76,44.24,220,222,291,264,1.2557,32,60,1,Medium,Single Nucleotide Polymorphism
992,54.5,45.5,225,221,283,263,1.2242,32,55,1,Medium,Single Nucleotide Polymorphism
1055,54.97,45.03,237,233,322,263,1.2447,38,42,1,Critical,Frameshift Mutation
1045,53.33,46.67,243,246,278,278,1.137,15,56,0,Low,Wildtype
990,55.36,44.64,220,218,284,268,1.2603,30,61,1,Medium,Single Nucleotide Polymorphism
845,55.58,44.42,187,190,234,234,1.2414,22,55,1,High,Deletion
1043,59.81,40.19,209,212,318,304,1.4774,32,54,1,Medium,Single Nucleotide Polymorphism
1161,47.28,52.72,322,291,274,274,0.894,32,65,1,Medium,Insertion
875,51.4,48.6,212,215,224,224,1.0492,25,40,1,High,Deletion
982,70.39,29.61,145,139,384,314,2.4577,48,32,1,Critical,Frameshift Mutation
971,55.26,44.74,217,218,268,268,1.2322,16,57,0,Low,Wildtype
995,70.34,29.66,147,142,388,318,2.4429,48,45,1,Critical,Frameshift Mutation
962,53.81,46.19,222,228,267,245,1.1378,25,54,1,Medium,Single Nucleotide Polymorphism
983,53.43,46.57,228,231,262,262,1.1416,16,59,0,Low,Wildtype
968,59.68,40.32,195,201,297,275,1.4444,30,60,1,Medium,Single Nucleotide Polymorphism
993,72.21,27.79,137,133,398,325,2.6778,48,43,1,Critical,Frameshift Mutation
1004,54.89,45.11,226,235,281,262,1.1779,24,52,1,Medium,Single Nucleotide Polymorphism
993,52.64,47.36,235,236,261,261,1.1083,17,58,0,Low,Wildtype
1047,48.45,51.55,284,257,253,253,0.9353,39,67,1,Medium,Insertion
1017,46.98,53.02,269,272,238,238,0.8799,17,60,0,Low,Wildtype
1028,52.37,47.63,244,246,269,269,1.098,21,60,0,Low,Wildtype
1046,51.12,48.88,255,257,267,267,1.043,18,61,0,Low,Wildtype
982,50.42,49.58,243,245,247,247,1.0123,16,58,0,Low,Wildtype
1015,48.33,51.67,262,263,245,245,0.9333,13,63,0,Low,Wildtype
978,52.4,47.6,232,234,256,256,1.0987,13,60,0,Low,Wildtype
1100,41.75,58.25,337,305,229,229,0.7134,27,65,1,Medium,Insertion
987,53.57,46.43,229,230,264,264,1.1503,14,58,0,Low,Wildtype
1019,48.14,51.86,264,265,245,245,0.9263,20,62,0,Low,Wildtype
863,45.57,54.43,234,237,196,196,0.8323,20,54,1,High,Deletion
1010,55.32,44.68,225,225,288,272,1.2444,26,53,1,Medium,Single Nucleotide Polymorphism
1142,47.03,52.97,318,288,268,268,0.8845,31,65,1,Medium,Insertion
959,51.17,48.83,234,235,245,245,1.0448,18,60,0,Low,Wildtype
994,52.79,47.21,234,236,262,262,1.1149,20,61,0,Low,Wildtype
970,51.43,48.57,235,237,249,249,1.0551,21,61,0,Low,Wildtype
958,52.7,47.3,226,228,252,252,1.1101,12,60,0,Low,Wildtype
1056,50.1,49.9,263,265,264,264,1.0,15,61,0,Low,Wildtype
953,50.73,49.27,234,237,241,241,1.0234,19,58,0,Low,Wildtype
992,53.49,46.51,230,232,265,265,1.1472,19,60,0,Low,Wildtype
989,52.74,47.26,233,236,260,260,1.1087,17,60,0,Low,Wildtype
985,55.45,44.55,219,222,283,261,1.2336,26,65,1,Medium,Single Nucleotide Polymorphism
1023,52.17,47.83,244,247,266,266,1.0835,18,60,0,Low,Wildtype
1013,55.28,44.72,226,234,285,268,1.2022,26,60,1,Medium,Single Nucleotide Polymorphism
1004,54.79,45.21,226,221,289,268,1.2461,26,57,1,Medium,Single Nucleotide Polymorphism
1078,47.56,52.44,297,269,256,256,0.9046,41,64,1,Medium,Insertion
1024,51.15,48.85,250,252,261,261,1.0398,19,58,0,Low,Wildtype
908,49.6,50.4,228,230,225,225,0.9825,29,55,1,High,Deletion
1073,46.3,53.7,303,274,248,248,0.8596,40,62,1,Medium,Insertion
966,51.21,48.79,235,237,247,247,1.0466,18,62,0,Low,Wildtype
910,41.6,58.4,265,267,189,189,0.7105,20,59,1,High,Deletion
1013,61.89,38.11,193,188,348,284,1.6588,44,48,1,Critical,Frameshift Mutation
1055,51.44,48.56,256,257,271,271,1.0565,15,59,0,Low,Wildtype
953,53.8,46.2,220,221,256,256,1.161,16,59,0,Low,Wildtype
970,43.49,56.51,274,276,210,210,0.7636,27,55,1,High,Deletion
1144,49.39,50.61,304,275,282,283,0.9758,34,63,1,Medium,Insertion
961,52.22,47.78,229,232,250,250,1.0846,17,57,0,Low,Wildtype
979,51.74,48.26,236,237,253,253,1.0698,16,55,0,Low,Wildtype
1032,55.57,44.43,229,232,294,277,1.2386,32,56,1,Medium,Single Nucleotide Polymorphism
974,57.21,42.79,208,207,292,267,1.347,28,62,1,Medium,Single Nucleotide Polymorphism
1164,41.31,58.69,359,325,240,240,0.7018,38,62,1,Medium,Insertion
986,55.52,44.48,219,222,285,260,1.2358,22,56,1,Medium,Single Nucleotide Polymorphism
1014,58.04,41.96,212,213,305,284,1.3859,30,59,1,Medium,Single Nucleotide Polymorphism
1022,51.07,48.93,263,238,260,261,1.0399,35,60,1,Medium,Insertion
962,49.02,50.98,245,247,235,235,0.9553,22,61,0,Low,Wildtype
996,51.09,48.91,243,245,254,254,1.041,16,62,0,Low,Wildtype
1148,45.58,54.42,328,297,261,262,0.8368,36,63,1,Medium,Insertion
850,45.14,54.86,233,235,191,191,0.8162,25,49,1,High,Deletion
1009,55.97,44.03,222,221,294,272,1.2777,28,53,1,Medium,Single Nucleotide Polymorphism
1008,54.31,45.69,230,233,286,259,1.1771,30,56,1,Medium,Single Nucleotide Polymorphism
1030,51.0,49.0,252,254,262,262,1.0356,15,58,0,Low,Wildtype
946,57.41,42.59,201,206,278,261,1.3243,29,63,1,Medium,Single Nucleotide Polymorphism
986,58.9,41.1,202,209,296,279,1.399,31,59,1,Medium,Single Nucleotide Polymorphism
1006,52.89,47.11,236,238,266,266,1.1224,15,57,0,Low,Wildtype
1051,51.66,48.34,254,255,271,271,1.0648,17,57,0,Low,Wildtype
955,55.74,44.26,211,215,271,258,1.2418,25,55,1,Medium,Single Nucleotide Polymorphism
974,49.07,50.93,248,250,238,238,0.9558,20,55,0,Low,Wildtype
1014,50.26,49.74,252,254,254,254,1.004,16,58,0,Low,Wildtype
1043,52.03,47.97,250,251,271,271,1.0818,20,62,0,Low,Wildtype
1004,49.61,50.39,252,254,249,249,0.9842,17,58,0,Low,Wildtype
984,51.81,48.19,237,239,254,254,1.0672,17,60,0,Low,Wildtype
906,44.46,55.54,251,253,201,201,0.7976,29,50,1,High,Deletion
1071,56.48,43.52,233,227,316,295,1.3283,23,59,1,Medium,Single Nucleotide Polymorphism
1091,49.92,50.08,287,260,272,272,0.9945,36,65,1,Medium,Insertion
957,45.87,54.13,259,260,219,219,0.8439,25,45,1,High,Deletion
986,59.55,40.45,199,201,298,288,1.465,25,55,1,Medium,Single Nucleotide Polymorphism
1029,49.26,50.74,261,262,253,253,0.9675,22,61,0,Low,Wildtype
1032,54.61,45.39,234,237,286,275,1.1911,18,56,1,Medium,Single Nucleotide Polymorphism
922,57.54,42.46,195,195,278,254,1.3641,25,57,1,Medium,Single Nucleotide Polymorphism
1107,48.95,51.05,297,269,270,271,0.9558,28,64,1,Medium,Insertion
978,55.41,44.59,218,220,282,258,1.2329,21,58,1,Medium,Single Nucleotide Polymorphism
990,54.16,45.84,226,228,268,268,1.1806,20,58,0,Low,Wildtype
976,51.37,48.63,237,239,250,250,1.0504,23,63,0,Low,Wildtype
970,58.4,41.6,201,208,289,272,1.3716,26,57,1,Medium,Single Nucleotide Polymorphism
1144,50.43,49.57,298,270,288,288,1.0141,33,64,1,Medium,Insertion
1039,54.04,45.96,238,239,288,274,1.1782,38,58,1,Medium,Single Nucleotide Polymorphism
981,56.33,43.67,214,217,285,265,1.2761,29,58,1,Medium,Single Nucleotide Polymorphism
946,55.55,44.45,210,207,291,238,1.2686,51,47,1,Critical,Frameshift Mutation
1070,49.93,50.07,281,255,267,267,0.9963,32,65,1,Medium,Insertion
1034,51.56,48.44,250,252,266,266,1.0598,21,58,0,Low,Wildtype
1004,53.14,46.86,235,237,266,266,1.1271,20,61,0,Low,Wildtype
990,54.19,45.81,226,228,268,268,1.1806,17,58,0,Low,Wildtype
983,55.88,44.12,216,219,274,274,1.2598,15,62,0,Low,Wildtype
965,52.98,47.02,226,229,255,255,1.1209,18,63,0,Low,Wildtype
980,50.14,49.86,244,246,245,245,1.0,17,63,0,Low,Wildtype
973,46.82,53.18,258,261,227,227,0.8748,18,61,0,Low,Wildtype
969,53.7,46.3,224,225,260,260,1.1581,14,59,0,Low,Wildtype
925,40.25,59.75,276,277,186,186,0.6727,19,50,1,High,Deletion
1020,55.06,44.94,229,231,280,280,1.2174,20,61,0,Low,Wildtype
1001,57.16,42.84,214,219,292,276,1.3118,22,57,1,Medium,Single Nucleotide Polymorphism
953,59.08,40.92,194,196,293,270,1.4436,36,62,1,Medium,Single Nucleotide Polymorphism
1011,58.09,41.91,211,208,326,266,1.4129,48,47,1,Critical,Frameshift Mutation
991,49.44,50.56,250,253,244,244,0.9702,19,58,0,Low,Wildtype
1065,57.71,42.29,225,221,317,302,1.3879,34,58,1,Medium,Single Nucleotide Polymorphism
1014,64.18,35.82,181,177,361,295,1.8324,40,54,1,Critical,Frameshift Mutation
918,48.08,51.92,238,240,220,220,0.9205,22,47,1,High,Deletion
1021,50.01,49.99,255,256,255,255,0.998,26,46,1,High,Deletion
1016,52.6,47.4,240,242,267,267,1.1079,15,60,0,Low,Wildtype
1010,50.75,49.25,248,250,256,256,1.0281,16,57,0,Low,Wildtype
1047,47.95,52.05,286,259,251,251,0.9211,50,60,1,Medium,Insertion
1006,49.59,50.41,253,250,277,226,1.0,41,48,1,Critical,Frameshift Mutation
983,59.99,40.01,196,195,304,288,1.5141,29,52,1,Medium,Single Nucleotide Polymorphism
1016,55.42,44.58,226,227,293,270,1.2428,19,58,1,Medium,Single Nucleotide Polymorphism
937,51.36,48.64,227,230,240,240,1.0503,22,60,0,Low,Wildtype
853,44.88,55.12,235,236,191,191,0.811,19,47,1,High,Deletion
989,48.47,51.53,254,257,239,239,0.9354,22,59,0,Low,Wildtype
991,55.25,44.75,221,224,273,273,1.227,20,58,0,Low,Wildtype
1004,55.87,44.13,221,221,293,269,1.2715,27,56,1,Medium,Single Nucleotide Polymorphism
985,58.09,41.91,206,211,291,277,1.3621,27,56,1,Medium,Single Nucleotide Polymorphism
1050,55.69,44.31,232,234,292,292,1.2532,14,57,0,Low,Wildtype
991,50.37,49.63,245,248,249,249,1.0101,18,59,0,Low,Wildtype
1097,52.06,47.94,276,250,285,286,1.0856,40,63,1,Medium,Insertion
965,54.02,45.98,221,224,260,260,1.1685,16,58,0,Low,Wildtype
971,55.4,44.6,216,226,274,255,1.1968,23,58,1,Medium,Single Nucleotide Polymorphism
994,51.13,48.87,242,244,254,254,1.0453,18,56,0,Low,Wildtype
1007,54.75,45.25,227,230,281,269,1.2035,33,53,1,Medium,Single Nucleotide Polymorphism
1007,54.38,45.62,229,232,287,259,1.1844,23,58,1,Medium,Single Nucleotide Polymorphism
1043,52.9,47.1,245,248,275,275,1.1156,20,59,0,Low,Wildtype
1022,52.56,47.44,242,244,268,268,1.1029,15,60,0,Low,Wildtype
970,50.73,49.27,238,240,246,246,1.0293,18,60,0,Low,Wildtype
964,54.11,45.89,221,223,260,260,1.1712,19,58,0,Low,Wildtype
952,59.28,40.72,193,190,313,256,1.4856,35,43,1,Critical,Frameshift Mutation
1035,51.61,48.39,250,251,267,267,1.0659,19,60,0,Low,Wildtype
808,41.4,58.6,236,238,167,167,0.7046,24,46,1,High,Deletion
993,53.52,46.48,230,233,265,265,1.1447,17,60,0,Low,Wildtype
1132,49.67,50.33,299,271,281,281,0.986,34,61,1,Medium,Insertion
841,47.26,52.74,221,224,198,198,0.8899,20,43,1,High,Deletion
977,54.07,45.93,224,223,274,256,1.1857,23,52,1,Medium,Single Nucleotide Polymorphism
1019,52.04,47.96,244,241,278,256,1.101,25,54,1,Medium,Single Nucleotide Polymorphism
982,60.25,39.75,195,190,308,289,1.5506,24,60,1,Medium,Single Nucleotide Polymorphism
995,51.36,48.64,241,244,255,255,1.0515,14,59,0,Low,Wildtype
966,51.59,48.41,233,231,276,226,1.0819,46,50,1,Critical,Frameshift Mutation
980,42.59,57.41,281,283,208,208,0.7376,21,56,1,High,Deletion
994,60.01,39.99,198,194,331,271,1.5357,46,43,1,Critical,Frameshift Mutation
1049,52.11,47.89,251,252,273,273,1.0855,18,56,0,Low,Wildtype
1135,52.6,47.4,283,256,298,298,1.1058,41,63,1,Medium,Insertion
998,65.52,34.48,172,166,363,297,1.9527,43,35,1,Critical,Frameshift Mutation
1023,54.16,45.84,234,235,277,277,1.1812,15,59,0,Low,Wildtype
990,52.84,47.16,233,235,261,261,1.1154,16,61,0,Low,Wildtype
1088,37.8,62.2,356,322,205,205,0.6047,32,64,1,Medium,Insertion
991,55.26,44.74,221,224,281,265,1.227,27,62,1,Medium,Single Nucleotide Polymorphism
865,43.05,56.95,246,247,186,186,0.7546,28,48,1,High,Deletion
999,51.59,48.41,241,244,257,257,1.0598,16,59,0,Low,Wildtype
811,43.68,56.32,228,229,177,177,0.7746,25,47,1,High,Deletion
974,50.83,49.17,239,241,247,247,1.0292,16,60,0,Low,Wildtype
1070,50.57,49.43,264,266,270,270,1.0189,16,59,0,Low,Wildtype
1011,52.53,47.47,239,242,265,265,1.1019,21,55,0,Low,Wildtype
873,43.02,56.98,248,251,187,187,0.7495,24,50,1,High,Deletion
1149,47.92,52.08,314,284,275,276,0.9214,35,64,1,Medium,Insertion
947,54.89,45.11,213,219,268,247,1.1921,19,57,1,Medium,Single Nucleotide Polymorphism
1020,60.92,39.08,199,196,324,301,1.5823,23,51,1,Medium,Single Nucleotide Polymorphism
871,50.33,49.67,216,217,219,219,1.0115,23,54,1,High,Deletion
976,60.61,39.39,192,190,304,290,1.555,28,59,1,Medium,Single Nucleotide Polymorphism
989,43.07,56.93,281,284,212,212,0.7504,25,48,1,High,Deletion
997,55.56,44.44,221,221,288,267,1.2557,29,58,1,Medium,Single Nucleotide Polymorphism
952,60.07,39.93,190,187,297,278,1.5252,27,57,1,Medium,Single Nucleotide Polymorphism
1043,56.2,43.8,228,226,301,288,1.2974,30,55,1,Medium,Single Nucleotide Polymorphism
983,51.18,48.82,239,242,251,251,1.0437,16,59,0,Low,Wildtype
1117,48.18,51.82,304,275,269,269,0.9292,40,63,1,Medium,Insertion
1006,52.73,47.27,237,237,277,255,1.1224,28,59,1,Medium,Single Nucleotide Polymorphism
970,51.41,48.59,235,237,249,249,1.0551,19,56,0,Low,Wildtype
880,46.51,53.49,235,237,204,204,0.8644,27,48,1,High,Deletion
998,57.48,42.52,212,218,292,276,1.3209,25,56,1,Medium,Single Nucleotide Polymorphism
989,55.27,44.73,221,223,285,260,1.2275,22,54,1,Medium,Single Nucleotide Polymorphism
938,59.49,40.51,189,186,310,253,1.5013,54,45,1,Critical,Frameshift Mutation
1132,49.41,50.59,301,272,279,280,0.9756,38,60,1,Medium,Insertion
1022,55.06,44.94,229,231,281,281,1.2217,18,58,0,Low,Wildtype
1003,56.71,43.29,217,212,316,258,1.338,40,37,1,Critical,Frameshift Mutation
1109,50.28,49.72,290,262,278,279,1.0091,32,62,1,Medium,Insertion
983,49.76,50.24,246,249,244,244,0.9859,20,64,0,Low,Wildtype
988,50.64,49.36,243,245,250,250,1.0246,15,58,0,Low,Wildtype
909,42.13,57.87,263,264,191,191,0.7249,19,50,1,High,Deletion
1045,39.58,60.42,332,300,206,207,0.6535,30,65,1,Medium,Insertion
985,51.09,48.91,240,245,259,241,1.0309,23,61,1,Medium,Single Nucleotide Polymorphism
878,43.65,56.35,247,249,191,191,0.7702,17,46,1,High,Deletion
927,48.04,51.96,240,243,222,222,0.9193,25,51,1,High,Deletion
1004,50.15,49.85,250,252,251,251,1.0,10,63,0,Low,Wildtype
960,48.07,51.93,249,251,230,230,0.92,18,56,0,Low,Wildtype
975,53.1,46.9,228,231,258,258,1.1242,23,60,0,Low,Wildtype
1106,47.79,52.21,303,274,264,265,0.9168,37,62,1,Medium,Insertion
1010,50.3,49.7,250,252,254,254,1.012,17,58,0,Low,Wildtype
945,57.45,42.55,201,203,281,260,1.3391,28,57,1,Medium,Single Nucleotide Polymorphism
879,47.72,52.28,229,232,209,209,0.9067,21,49,1,High,Deletion
965,44.99,55.01,265,266,217,217,0.8173,30,40,1,High,Deletion
1002,51.35,48.65,243,245,257,257,1.0533,17,58,0,Low,Wildtype
920,37.77,62.23,286,288,173,173,0.6028,22,49,1,High,Deletion
989,57.26,42.74,211,212,283,283,1.3381,24,60,0,Low,Wildtype
871,44.05,55.95,243,246,191,191,0.7812,24,50,1,High,Deletion
979,52.4,47.6,233,234,256,256,1.0964,16,59,0,Low,Wildtype
979,51.7,48.3,236,232,264,247,1.0919,27,59,1,Medium,Single Nucleotide Polymorphism
969,46.07,53.93,261,262,223,223,0.8528,27,44,1,High,Deletion
972,50.07,49.93,242,244,243,243,1.0,21,61,0,Low,Wildtype
1014,54.14,45.86,232,234,274,274,1.176,15,60,0,Low,Wildtype
1112,51.39,48.61,284,257,285,286,1.0555,34,62,1,Medium,Insertion
1127,45.34,54.66,324,293,255,255,0.8266,34,61,1,Medium,Insertion
1082,47.78,52.22,297,269,258,258,0.9117,31,59,1,Medium,Insertion
1091,50.14,49.86,286,259,273,273,1.0018,37,64,1,Medium,Insertion
968,59.31,40.69,196,196,301,275,1.4694,33,54,1,Medium,Single Nucleotide Polymorphism
1012,50.57,49.43,250,252,255,255,1.0159,21,59,0,Low,Wildtype
1000,55.46,44.54,222,224,277,277,1.2422,14,60,0,Low,Wildtype
994,53.06,46.94,233,235,263,263,1.1239,23,58,0,Low,Wildtype
963,55.95,44.05,212,208,299,244,1.2929,48,48,1,Critical,Frameshift Mutation
941,53.72,46.28,217,221,265,238,1.1484,31,60,1,Medium,Single Nucleotide Polymorphism
992,56.86,43.14,213,216,291,272,1.3124,27,59,1,Medium,Single Nucleotide Polymorphism
1002,52.8,47.2,236,237,274,255,1.1184,23,54,1,Medium,Single Nucleotide Polymorphism
952,63.31,36.69,174,171,334,273,1.7594,35,42,1,Critical,Frameshift Mutation
1015,53.58,46.42,235,238,271,271,1.1459,20,60,0,Low,Wildtype
966,58.94,41.06,198,192,298,278,1.4769,31,59,1,Medium,Single Nucleotide Polymorphism
1003,57.16,42.84,214,222,294,273,1.3005,35,61,1,Medium,Single Nucleotide Polymorphism
1157,51.92,48.08,292,264,300,301,1.0809,37,65,1,Medium,Insertion
1019,51.99,48.01,244,247,264,264,1.0754,16,59,0,Low,Wildtype
882,47.76,52.24,230,232,210,210,0.9091,23,43,1,High,Deletion
1014,57.11,42.89,217,213,321,263,1.3581,40,41,1,Critical,Frameshift Mutation
975,58.53,41.47,202,196,298,279,1.4497,33,59,1,Medium,Single Nucleotide Polymorphism
1132,40.56,59.44,354,320,229,229,0.6795,26,62,1,Medium,Insertion
995,61.35,38.65,192,187,339,277,1.6253,49,46,1,Critical,Frameshift Mutation
1096,47.72,52.28,301,272,261,262,0.9127,21,66,1,Medium,Insertion
1025,48.32,51.68,264,267,247,247,0.9303,25,65,0,Low,Wildtype
994,53.22,46.78,232,230,276,256,1.1515,28,61,1,Medium,Single Nucleotide Polymorphism
1126,47.04,52.96,313,283,264,266,0.8893,41,60,1,Medium,Insertion
1059,57.25,42.75,226,227,314,292,1.3377,29,49,1,Medium,Single Nucleotide Polymorphism
1091,43.65,56.35,323,292,238,238,0.774,37,61,1,Medium,Insertion
1023,56.81,43.19,220,217,322,264,1.341,48,43,1,Critical,Frameshift Mutation
991,66.56,33.44,165,161,366,299,2.0399,34,35,1,Critical,Frameshift Mutation
1032,53.68,46.32,239,241,290,262,1.15,30,53,1,Medium,Single Nucleotide Polymorphism
1031,51.85,48.15,248,249,267,267,1.0744,16,57,0,Low,Wildtype
1031,56.74,43.26,223,219,324,265,1.3326,53,37,1,Critical,Frameshift Mutation
879,43.78,56.22,247,248,192,192,0.7758,23,50,1,High,Deletion
1002,50.87,49.13,246,248,254,254,1.0283,17,58,0,Low,Wildtype
968,63.78,36.22,175,171,342,280,1.7977,53,45,1,Critical,Frameshift Mutation
857,43.8,56.2,240,243,187,187,0.7743,21,52,1,High,Deletion
987,55.28,44.72,220,224,278,265,1.223,23,63,1,Medium,Single Nucleotide Polymorphism
983,58.49,41.51,203,209,297,274,1.3859,33,60,1,Medium,Single Nucleotide Polymorphism
979,58.29,41.71,204,210,294,271,1.3647,28,56,1,Medium,Single Nucleotide Polymorphism
1000,55.3,44.7,223,225,276,276,1.2321,18,57,0,Low,Wildtype
1028,52.73,47.27,242,244,271,271,1.1152,14,56,0,Low,Wildtype
823,48.35,51.65,212,215,198,198,0.9274,19,48,1,High,Deletion
989,52.98,47.02,232,235,261,261,1.1178,20,58,0,Low,Wildtype
1002,47.96,52.04,260,262,240,240,0.9195,22,58,0,Low,Wildtype
1001,55.07,44.93,224,226,282,269,1.2244,27,57,1,Medium,Single Nucleotide Polymorphism
986,61.18,38.82,191,191,308,296,1.5812,30,56,1,Medium,Single Nucleotide Polymorphism
957,62.07,37.93,181,176,330,270,1.6807,40,44,1,Critical,Frameshift Mutation
1055,54.94,45.06,237,240,289,289,1.2117,16,60,0,Low,Wildtype
991,52.26,47.74,236,239,258,258,1.0863,18,61,0,Low,Wildtype
999,49.47,50.53,265,240,247,247,0.9782,38,62,1,Medium,Insertion
1047,58.04,41.96,219,213,317,298,1.4236,21,57,1,Medium,Single Nucleotide Polymorphism
992,53.25,46.75,231,233,264,264,1.1379,18,61,0,Low,Wildtype
1021,62.46,37.54,191,194,329,307,1.6519,22,57,1,Medium,Single Nucleotide Polymorphism
992,51.78,48.22,239,241,256,256,1.0667,21,59,0,Low,Wildtype
991,50.13,49.87,247,248,248,248,1.002,21,57,0,Low,Wildtype
983,61.08,38.92,191,187,313,292,1.6005,27,52,1,Medium,Single Nucleotide Polymorphism
973,55.43,44.57,216,212,282,263,1.2734,27,56,1,Medium,Single Nucleotide Polymorphism
1006,52.47,47.53,239,235,293,239,1.1224,38,48,1,Critical,Frameshift Mutation
976,53.15,46.85,228,229,273,246,1.1357,27,58,1,Medium,Single Nucleotide Polymorphism
1028,57.58,42.42,218,213,309,288,1.3852,33,60,1,Medium,Single Nucleotide Polymorphism
1110,49.05,50.95,297,269,272,272,0.9611,38,64,1,Medium,Insertion
1017,51.74,48.26,245,246,263,263,1.0713,22,59,0,Low,Wildtype
1117,47.85,52.15,306,277,267,267,0.916,29,61,1,Medium,Insertion
983,53.22,46.78,229,232,261,261,1.1323,19,60,0,Low,Wildtype
1007,53.56,46.44,233,230,299,245,1.1749,59,50,1,Critical,Frameshift Mutation
1021,52.22,47.78,243,246,266,266,1.0879,21,61,0,Low,Wildtype
1000,55.09,44.91,224,228,283,265,1.2124,24,59,1,Medium,Single Nucleotide Polymorphism
978,53.33,46.67,228,230,260,260,1.1354,20,58,0,Low,Wildtype
1034,60.57,39.43,203,200,347,284,1.5658,38,46,1,Critical,Frameshift Mutation
1000,57.67,42.33,211,210,297,282,1.3753,22,60,1,Medium,Single Nucleotide Polymorphism
1015,57.49,42.51,215,217,300,283,1.3495,15,58,1,Medium,Single Nucleotide Polymorphism
983,52.76,47.24,232,233,259,259,1.114,23,64,0,Low,Wildtype
1083,44.69,55.31,315,285,242,241,0.805,34,63,1,Medium,Insertion
972,51.76,48.24,234,236,251,251,1.0681,18,59,0,Low,Wildtype
864,46.15,53.85,232,234,199,199,0.8541,27,46,1,High,Deletion
1007,54.05,45.95,231,232,272,272,1.1749,17,57,0,Low,Wildtype
1014,50.32,49.68,251,253,255,255,1.0119,16,60,0,Low,Wildtype
1040,52.05,47.95,249,251,270,270,1.08,18,61,0,Low,Wildtype
1001,57.91,42.09,210,212,297,282,1.372,25,61,1,Medium,Single Nucleotide Polymorphism
982,59.23,40.77,200,208,295,279,1.4069,36,61,1,Medium,Single Nucleotide Polymorphism
1003,52.51,47.49,238,239,263,263,1.1027,19,64,0,Low,Wildtype
874,45.18,54.82,239,241,197,197,0.8208,23,51,1,High,Deletion
995,52.21,47.79,237,246,264,248,1.06,29,52,1,Medium,Single Nucleotide Polymorphism
938,58.22,41.78,195,201,278,264,1.3687,27,59,1,Medium,Single Nucleotide Polymorphism
974,53.57,46.43,226,224,272,252,1.1644,26,58,1,Medium,Single Nucleotide Polymorphism
964,58.2,41.8,201,205,288,270,1.3744,32,55,1,Medium,Single Nucleotide Polymorphism
968,63.14,36.86,178,181,318,291,1.6964,26,60,1,Medium,Single Nucleotide Polymorphism
971,54.32,45.68,221,224,263,263,1.182,17,57,0,Low,Wildtype
1020,51.6,48.4,246,248,263,263,1.0648,12,60,0,Low,Wildtype
917,50.13,49.87,228,231,229,229,0.9978,18,50,1,High,Deletion
993,55.65,44.35,220,215,307,251,1.2828,48,48,1,Critical,Frameshift Mutation
942,56.28,43.72,205,207,274,256,1.2864,28,62,1,Medium,Single Nucleotide Polymorphism
994,50.24,49.76,247,249,249,249,1.004,18,61,0,Low,Wildtype
1110,53.61,46.39,270,245,297,298,1.1553,32,63,1,Medium,Insertion
921,63.65,36.35,167,174,300,280,1.7009,28,59,1,Medium,Single Nucleotide Polymorphism
980,52.11,47.89,234,236,255,255,1.0851,15,60,0,Low,Wildtype
991,52.54,47.46,235,236,260,260,1.104,14,58,0,Low,Wildtype
1086,45.16,54.84,313,283,245,245,0.8221,27,62,1,Medium,Insertion
1124,51.44,48.56,287,259,289,289,1.0586,35,61,1,Medium,Insertion
1092,54.72,45.28,247,249,298,298,1.2016,14,60,0,Low,Wildtype
981,49.97,50.03,245,246,245,245,0.998,13,60,0,Low,Wildtype
979,53.94,46.06,225,226,264,264,1.1707,20,62,0,Low,Wildtype
1088,49.9,50.1,286,259,271,272,0.9963,35,63,1,Medium,Insertion
948,52.31,47.69,226,228,247,247,1.0881,12,59,0,Low,Wildtype
1019,54.09,45.91,233,236,275,275,1.1727,19,61,0,Low,Wildtype
870,42.96,57.04,248,250,186,186,0.747,18,44,1,High,Deletion
1011,51.11,48.89,247,248,258,258,1.0424,15,61,0,Low,Wildtype
1102,46.9,53.1,307,278,258,259,0.8838,33,61,1,Medium,Insertion
888,55.51,44.49,197,199,246,246,1.2424,18,59,0,Low,Wildtype
1009,51.84,48.16,242,245,261,261,1.0719,16,57,0,Low,Wildtype
944,49.29,50.71,239,241,232,232,0.9667,14,61,0,Low,Wildtype
1079,44.47,55.53,315,285,239,240,0.7983,37,65,1,Medium,Insertion
886,43.0,57.0,252,254,190,190,0.751,23,46,1,High,Deletion
861,40.97,59.03,254,255,176,176,0.6916,28,41,1,High,Deletion
1046,59.37,40.63,212,223,315,296,1.4046,35,50,1,Medium,Single Nucleotide Polymorphism
1091,42.54,57.46,329,298,232,232,0.74,36,63,1,Medium,Insertion
991,50.81,49.19,243,246,251,251,1.0266,13,62,0,Low,Wildtype
1066,54.4,45.6,243,245,289,289,1.1844,14,61,0,Low,Wildtype
962,43.39,56.61,272,274,208,208,0.7619,21,50,1,High,Deletion
969,47.8,52.2,252,255,231,231,0.9112,15,60,0,Low,Wildtype
1031,50.29,49.71,256,257,259,259,1.0097,21,57,0,Low,Wildtype
972,54.9,45.1,219,221,266,266,1.2091,18,59,0,Low,Wildtype
1007,49.59,50.41,253,256,249,249,0.9784,17,60,0,Low,Wildtype
1036,48.66,51.34,265,267,252,252,0.9474,23,59,0,Low,Wildtype
966,52.13,47.87,231,237,256,242,1.0641,25,57,1,Medium,Single Nucleotide Polymorphism
1034,59.06,40.94,211,216,310,297,1.4215,25,57,1,Medium,Single Nucleotide Polymorphism
899,35.38,64.62,290,291,159,159,0.5473,18,47,1,High,Deletion
869,44.34,55.66,241,244,192,192,0.7918,22,48,1,High,Deletion
946,51.34,48.66,230,232,242,242,1.0476,20,57,0,Low,Wildtype
1031,52.98,47.02,242,243,273,273,1.1258,15,59,0,Low,Wildtype
1047,58.2,41.8,218,221,315,293,1.385,28,56,1,Medium,Single Nucleotide Polymorphism
936,62.13,37.87,177,179,301,279,1.6292,27,55,1,Medium,Single Nucleotide Polymorphism
994,48.8,51.2,254,256,242,242,0.949,24,57,0,Low,Wildtype
1097,46.24,53.76,310,280,253,254,0.8593,28,63,1,Medium,Insertion
1048,58.9,41.1,215,215,321,297,1.4372,30,59,1,Medium,Single Nucleotide Polymorphism
1021,63.18,36.82,187,184,335,315,1.752,26,53,1,Medium,Single Nucleotide Polymorphism
1027,62.17,37.83,194,193,330,310,1.6537,26,61,1,Medium,Single Nucleotide Polymorphism
1039,53.71,46.29,240,241,279,279,1.1601,15,60,0,Low,Wildtype
1059,50.91,49.09,259,256,299,245,1.0563,41,35,1,Critical,Frameshift Mutation
870,48.33,51.67,224,226,210,210,0.9333,26,50,1,High,Deletion
1008,56.21,43.79,220,222,283,283,1.2805,17,59,0,Low,Wildtype
951,41.63,58.37,277,280,197,197,0.7074,27,48,1,High,Deletion
961,54.68,45.32,217,219,276,249,1.2041,31,59,1,Medium,Single Nucleotide Polymorphism
932,43.68,56.32,262,264,203,203,0.7719,27,42,1,High,Deletion
943,42.97,57.03,268,271,202,202,0.7495,20,53,1,High,Deletion
1047,57.95,42.05,220,219,317,291,1.385,24,57,1,Medium,Single Nucleotide Polymorphism
1046,54.2,45.8,239,241,283,283,1.1792,19,59,0,Low,Wildtype
1011,53.38,46.62,235,238,269,269,1.1374,15,61,0,Low,Wildtype
966,57.72,42.28,204,203,287,272,1.3735,21,56,1,Medium,Single Nucleotide Polymorphism
1094,48.5,51.5,296,268,265,265,0.9397,47,62,1,Medium,Insertion
1003,51.5,48.5,243,244,258,258,1.0595,20,57,0,Low,Wildtype
1056,51.75,48.25,254,256,273,273,1.0706,16,61,0,Low,Wildtype
913,47.88,52.12,237,240,218,218,0.914,24,50,1,High,Deletion
1010,61.01,38.99,196,192,342,280,1.6031,49,56,1,Critical,Frameshift Mutation
1025,58.78,41.22,211,211,308,295,1.4289,23,52,1,Medium,Single Nucleotide Polymorphism
998,48.49,51.51,257,259,241,241,0.9341,17,60,0,Low,Wildtype
991,51.72,48.28,239,240,256,256,1.0689,14,61,0,Low,Wildtype
968,47.79,52.21,252,254,231,231,0.913,17,61,0,Low,Wildtype
1000,54.18,45.82,229,225,300,246,1.2026,43,44,1,Critical,Frameshift Mutation
1004,52.2,47.8,239,241,262,262,1.0917,19,61,0,Low,Wildtype
1011,57.36,42.64,215,223,295,278,1.3082,25,56,1,Medium,Single Nucleotide Polymorphism
982,53.07,46.93,230,232,260,260,1.1255,21,59,0,Low,Wildtype
1027,56.37,43.63,224,223,301,279,1.2975,31,54,1,Medium,Single Nucleotide Polymorphism
1064,51.96,48.04,269,243,276,276,1.0781,36,63,1,Medium,Insertion
862,47.79,52.21,225,227,205,205,0.9071,20,49,1,High,Deletion
1004,57.84,42.16,211,213,290,290,1.3679,17,57,0,Low,Wildtype
1008,47.85,52.15,262,264,241,241,0.9163,17,60,0,Low,Wildtype
1023,53.95,46.05,235,238,275,275,1.1628,16,59,0,Low,Wildtype
975,54.36,45.64,222,219,294,240,1.2109,55,40,1,Critical,Frameshift Mutation
944,43.09,56.91,268,270,203,203,0.7546,15,54,1,High,Deletion
1046,50.01,49.99,261,260,269,256,1.0077,28,56,1,Medium,Single Nucleotide Polymorphism
1134,49.47,50.53,301,272,280,281,0.9791,35,64,1,Medium,Insertion
1154,49.01,50.99,309,280,282,283,0.9593,36,61,1,Medium,Insertion
975,47.09,52.91,257,260,229,229,0.8859,17,62,0,Low,Wildtype
974,52.39,47.61,231,229,283,231,1.1174,30,43,1,Critical,Frameshift Mutation
1009,56.61,43.39,218,214,297,280,1.3356,30,58,1,Medium,Single Nucleotide Polymorphism
1003,51.56,48.44,242,253,264,244,1.0263,31,56,1,Medium,Single Nucleotide Polymorphism
1005,56.73,43.27,217,218,296,274,1.3103,28,55,1,Medium,Single Nucleotide Polymorphism
1004,51.16,48.84,245,247,256,256,1.0407,24,60,0,Low,Wildtype
953,55.64,44.36,211,212,265,265,1.253,16,58,0,Low,Wildtype
1212,49.38,50.62,322,292,299,299,0.9739,41,63,1,Medium,Insertion
1013,51.05,48.95,247,250,258,258,1.0382,19,63,0,Low,Wildtype
1078,54.67,45.33,257,232,294,295,1.2045,38,63,1,Medium,Insertion
1066,50.23,49.77,265,267,267,267,1.0038,16,56,0,Low,Wildtype
967,58.14,41.86,202,200,291,274,1.4055,27,55,1,Medium,Single Nucleotide Polymorphism
1026,50.1,49.9,255,257,257,257,1.0039,13,59,0,Low,Wildtype
938,51.86,48.14,225,233,249,231,1.048,30,65,1,Medium,Single Nucleotide Polymorphism
1063,54.69,45.31,253,229,290,291,1.2054,32,65,1,Medium,Insertion
980,53.96,46.04,225,227,264,264,1.1681,21,59,0,Low,Wildtype
1026,52.01,47.99,246,249,274,257,1.0727,35,61,1,Medium,Single Nucleotide Polymorphism
1032,56.2,43.8,226,232,295,279,1.2533,23,60,1,Medium,Single Nucleotide Polymorphism
1073,51.13,48.87,275,249,274,275,1.0477,22,64,1,Medium,Insertion
1032,54.19,45.81,236,232,310,254,1.2051,49,39,1,Critical,Frameshift Mutation
1089,53.43,46.57,266,241,290,292,1.1479,30,65,1,Medium,Insertion
953,54.91,45.09,214,217,261,261,1.2111,21,59,0,Low,Wildtype
980,53.66,46.34,227,229,262,262,1.1491,15,58,0,Low,Wildtype
999,47.74,52.26,261,262,238,238,0.9101,13,59,0,Low,Wildtype
1014,53.6,46.4,235,235,282,262,1.1574,31,58,1,Medium,Single Nucleotide Polymorphism
1009,52.98,47.02,237,238,267,267,1.1242,18,59,0,Low,Wildtype
1033,56.47,43.53,224,225,299,285,1.3007,27,57,1,Medium,Single Nucleotide Polymorphism
1013,53.19,46.81,237,231,282,263,1.1645,27,60,1,Medium,Single Nucleotide Polymorphism
1012,50.89,49.11,248,250,257,257,1.0321,19,62,0,Low,Wildtype
922,47.66,52.34,241,243,219,219,0.905,21,50,1,High,Deletion
1014,48.51,51.49,261,263,245,245,0.9351,16,59,0,Low,Wildtype
1007,54.39,45.61,229,232,273,273,1.1844,15,59,0,Low,Wildtype
1074,44.79,55.21,312,282,240,240,0.8081,46,66,1,Medium,Insertion
1072,57.31,42.69,228,232,319,293,1.3304,28,52,1,Medium,Single Nucleotide Polymorphism
1128,49.68,50.32,298,270,280,280,0.9859,29,63,1,Medium,Insertion
1045,49.6,50.4,263,264,267,251,0.9829,29,59,1,Medium,Single Nucleotide Polymorphism
1038,52.4,47.6,247,249,271,271,1.0927,15,56,0,Low,Wildtype
912,37.17,62.83,286,288,169,169,0.5889,23,50,1,High,Deletion
939,41.29,58.71,275,278,193,193,0.698,31,54,1,High,Deletion
1130,39.25,60.75,361,326,221,222,0.6448,38,64,1,Medium,Insertion
944,50.37,49.63,234,236,237,237,1.0085,21,58,0,Low,Wildtype
996,60.33,39.67,197,195,309,295,1.5408,29,60,1,Medium,Single Nucleotide Polymorphism
1077,49.25,50.75,273,270,279,255,0.9834,30,56,1,Medium,Single Nucleotide Polymorphism
982,50.76,49.24,241,243,249,249,1.0289,15,63,0,Low,Wildtype
1024,60.12,39.88,204,200,341,279,1.5347,37,37,1,Critical,Frameshift Mutation
1009,50.57,49.43,249,250,255,255,1.022,19,56,0,Low,Wildtype
1046,63.32,36.68,191,187,367,301,1.7672,42,38,1,Critical,Frameshift Mutation
1065,52.63,47.37,252,259,288,266,1.0841,20,54,1,Medium,Single Nucleotide Polymorphism
1026,55.23,44.77,229,231,283,283,1.2304,18,58,0,Low,Wildtype
957,60.24,39.76,190,189,300,278,1.5251,28,58,1,Medium,Single Nucleotide Polymorphism
882,42.5,57.5,253,255,187,187,0.7362,19,48,1,High,Deletion
1100,48.36,51.64,298,270,266,266,0.9366,43,61,1,Medium,Insertion
854,40.23,59.77,255,257,171,171,0.668,18,48,1,High,Deletion
1094,45.3,54.7,314,284,247,249,0.8294,35,61,1,Medium,Insertion
1122,52.92,47.08,278,251,296,297,1.121,39,62,1,Medium,Insertion
911,47.62,52.38,238,241,216,216,0.9019,19,49,1,High,Deletion
1005,51.52,48.48,243,246,258,258,1.0552,12,65,0,Low,Wildtype
1025,57.26,42.74,219,215,305,286,1.3618,30,56,1,Medium,Single Nucleotide Polymorphism
998,54.37,45.63,227,229,271,271,1.1886,19,59,0,Low,Wildtype
982,56.83,43.17,211,208,310,253,1.3437,53,41,1,Critical,Frameshift Mutation
1009,70.08,29.92,150,146,392,321,2.4088,49,44,1,Critical,Frameshift Mutation
1059,54.28,45.72,242,243,287,287,1.1835,17,59,0,Low,Wildtype
1115,52.03,47.97,281,254,290,290,1.0841,31,62,1,Medium,Insertion
969,58.98,41.02,198,195,317,259,1.4656,41,44,1,Critical,Frameshift Mutation
941,54.32,45.68,214,217,255,255,1.1833,15,62,0,Low,Wildtype
1028,63.05,36.95,189,188,332,319,1.7268,25,59,1,Medium,Single Nucleotide Polymorphism
1014,58.54,41.46,210,206,329,269,1.4375,40,48,1,Critical,Frameshift Mutation
1029,51.84,48.16,247,250,266,266,1.0704,14,63,0,Low,Wildtype
1071,42.16,57.84,326,294,225,226,0.7274,23,64,1,Medium,Insertion
1004,52.86,47.14,236,238,265,265,1.1181,15,59,0,Low,Wildtype
986,65.11,34.89,172,167,356,291,1.9086,39,43,1,Critical,Frameshift Mutation
1003,56.22,43.78,219,215,313,256,1.3111,52,33,1,Critical,Frameshift Mutation
1045,57.97,42.03,219,215,336,275,1.4078,39,43,1,Critical,Frameshift Mutation
1003,62.18,37.82,189,199,316,299,1.5851,22,54,1,Medium,Single Nucleotide Polymorphism
921,44.69,55.31,254,257,205,205,0.8023,19,49,1,High,Deletion
873,41.86,58.14,253,256,182,182,0.7151,24,52,1,High,Deletion
1019,52.52,47.48,241,244,267,267,1.101,21,56,0,Low,Wildtype
909,47.51,52.49,238,241,215,215,0.8977,17,45,1,High,Deletion
965,53.6,46.4,223,226,258,258,1.1492,22,61,0,Low,Wildtype
992,57.03,42.97,213,212,290,277,1.3341,31,56,1,Medium,Single Nucleotide Polymorphism
976,55.23,44.77,218,220,269,269,1.2283,18,59,0,Low,Wildtype
1022,49.32,50.68,258,260,252,252,0.973,21,59,0,Low,Wildtype
1018,48.9,51.1,260,262,248,248,0.9502,16,60,0,Low,Wildtype
1093,50.72,49.28,283,256,277,277,1.0278,34,60,1,Medium,Insertion
1002,54.1,45.9,229,231,271,271,1.1783,17,61,0,Low,Wildtype
1050,47.89,52.11,287,260,251,252,0.9196,45,59,1,Medium,Insertion
971,47.37,52.63,255,258,229,229,0.8928,23,58,0,Low,Wildtype
940,50.78,49.22,231,233,238,238,1.0259,13,58,0,Low,Wildtype
1001,58.41,41.59,208,208,304,281,1.4062,25,58,1,Medium,Single Nucleotide Polymorphism
847,45.06,54.94,232,235,190,190,0.8137,27,58,1,High,Deletion
974,54.43,45.57,221,223,265,265,1.1937,16,63,0,Low,Wildtype
1138,47.07,52.93,317,286,267,268,0.8872,38,68,1,Medium,Insertion
922,45.81,54.19,249,251,211,211,0.844,21,49,1,High,Deletion
1108,43.32,56.68,330,299,240,239,0.7615,27,64,1,Medium,Insertion
1014,51.35,48.65,246,248,260,260,1.0526,22,58,0,Low,Wildtype
994,53.54,46.46,230,232,266,266,1.1515,18,57,0,Low,Wildtype
864,43.34,56.66,244,246,187,187,0.7633,25,48,1,High,Deletion
1045,51.91,48.09,251,252,271,271,1.0775,15,60,0,Low,Wildtype
830,44.66,55.34,229,231,185,185,0.8043,22,42,1,High,Deletion
971,57.43,42.57,206,213,288,264,1.3174,30,61,1,Medium,Single Nucleotide Polymorphism
1075,54.97,45.03,242,237,328,268,1.2443,45,46,1,Critical,Frameshift Mutation
842,47.83,52.17,219,221,201,201,0.9136,29,52,1,High,Deletion
989,62.71,37.29,184,180,344,281,1.717,32,45,1,Critical,Frameshift Mutation
972,59.02,40.98,199,199,294,280,1.4422,16,57,1,Medium,Single Nucleotide Polymorphism
938,50.59,49.41,231,233,237,237,1.0216,17,48,1,High,Deletion
996,51.14,48.86,243,245,261,247,1.041,25,61,1,Medium,Single Nucleotide Polymorphism
982,62.18,37.82,185,193,313,291,1.5979,26,55,1,Medium,Single Nucleotide Polymorphism
1030,40.45,59.55,322,292,208,208,0.6775,26,65,1,Medium,Insertion
926,45.18,54.82,253,255,209,209,0.8228,25,48,1,High,Deletion
1022,62.97,37.03,189,184,357,292,1.7399,38,45,1,Critical,Frameshift Mutation
856,47.03,52.97,226,228,201,201,0.8855,23,51,1,High,Deletion
914,54.7,45.3,207,210,256,241,1.1918,27,62,1,Medium,Single Nucleotide Polymorphism
983,53.73,46.27,227,226,276,254,1.17,29,54,1,Medium,Single Nucleotide Polymorphism
1171,50.1,49.9,307,278,293,293,1.0017,32,62,1,Medium,Insertion
1018,51.37,48.63,247,249,261,261,1.0524,17,59,0,Low,Wildtype
982,51.85,48.15,236,238,254,254,1.0717,11,61,0,Low,Wildtype
1070,54.34,45.66,244,249,301,276,1.1704,34,60,1,Medium,Single Nucleotide Polymorphism
1082,48.89,51.11,276,278,264,264,0.9531,16,58,0,Low,Wildtype
1036,51.56,48.44,250,252,267,267,1.0637,18,61,0,Low,Wildtype
956,50.76,49.24,235,237,242,242,1.0254,20,58,0,Low,Wildtype
948,50.2,49.8,236,238,237,237,1.0,17,60,0,Low,Wildtype
997,50.77,49.23,245,246,253,253,1.0305,20,59,0,Low,Wildtype
1004,57.2,42.8,214,210,319,261,1.3679,46,43,1,Critical,Frameshift Mutation
1038,61.85,38.15,197,190,335,316,1.6822,33,58,1,Medium,Single Nucleotide Polymorphism
1002,57.87,42.13,211,216,298,277,1.3466,23,57,1,Medium,Single Nucleotide Polymorphism
982,47.16,52.84,273,247,231,231,0.8885,37,65,1,Medium,Insertion
973,49.1,50.9,247,250,238,238,0.9577,16,60,0,Low,Wildtype
1025,55.05,44.95,230,226,313,256,1.2478,45,47,1,Critical,Frameshift Mutation
897,39.38,60.62,271,274,176,176,0.6459,21,57,1,High,Deletion
953,57.67,42.33,201,204,274,274,1.3531,16,60,0,Low,Wildtype
982,54.15,45.85,225,226,279,252,1.1774,28,54,1,Medium,Single Nucleotide Polymorphism
919,49.13,50.87,233,236,225,225,0.9595,17,50,1,High,Deletion
952,47.47,52.53,250,246,251,205,0.9194,46,52,1,Critical,Frameshift Mutation
1006,54.41,45.59,229,240,278,259,1.145,29,57,1,Medium,Single Nucleotide Polymorphism
1136,55.28,44.72,267,241,313,315,1.2362,28,62,1,Medium,Insertion
978,52.95,47.05,230,232,258,258,1.1169,18,62,0,Low,Wildtype
1008,56.78,43.22,217,214,317,260,1.3387,40,46,1,Critical,Frameshift Mutation
971,52.52,47.48,230,233,254,254,1.0972,18,58,0,Low,Wildtype
1044,51.47,48.53,253,249,298,244,1.0797,45,55,1,Critical,Frameshift Mutation
1067,49.8,50.2,281,255,265,266,0.9907,29,65,1,Medium,Insertion
1062,41.3,58.7,328,296,219,219,0.7019,26,63,1,Medium,Insertion
1009,58.0,42.0,211,222,297,279,1.3303,28,56,1,Medium,Single Nucleotide Polymorphism
942,54.89,45.11,212,214,258,258,1.2113,14,58,0,Low,Wildtype
1010,49.61,50.39,254,256,250,250,0.9804,13,55,0,Low,Wildtype
1021,50.91,49.09,250,253,259,259,1.0298,26,58,0,Low,Wildtype
972,50.87,49.13,238,240,247,247,1.0335,18,59,0,Low,Wildtype
941,41.09,58.91,277,278,193,193,0.6955,20,40,1,High,Deletion
976,55.22,44.78,218,227,276,255,1.1933,32,61,1,Medium,Single Nucleotide Polymorphism
989,48.41,51.59,255,256,239,239,0.9354,16,58,0,Low,Wildtype
978,56.51,43.49,212,208,307,251,1.3286,43,52,1,Critical,Frameshift Mutation
945,46.82,53.18,251,252,221,221,0.8787,25,48,1,High,Deletion
1002,59.53,40.47,202,198,331,271,1.505,49,37,1,Critical,Frameshift Mutation
953,68.36,31.64,150,146,361,296,2.2196,47,50,1,Critical,Frameshift Mutation
1032,52.33,47.67,245,247,270,270,1.0976,19,60,0,Low,Wildtype
967,59.07,40.93,197,201,294,275,1.4296,34,60,1,Medium,Single Nucleotide Polymorphism
885,45.08,54.92,243,244,199,199,0.8172,20,48,1,High,Deletion
1139,36.4,63.6,381,344,207,207,0.571,37,62,1,Medium,Insertion
1012,53.59,46.41,234,236,271,271,1.1532,16,58,0,Low,Wildtype
868,39.72,60.28,261,263,172,172,0.6565,22,51,1,High,Deletion
1015,55.98,44.02,223,224,284,284,1.2707,18,57,0,Low,Wildtype
996,53.22,46.78,232,234,265,265,1.1373,20,56,0,Low,Wildtype
1007,53.31,46.69,235,242,276,254,1.1111,30,55,1,Medium,Single Nucleotide Polymorphism
995,54.39,45.61,226,230,283,256,1.182,34,59,1,Medium,Single Nucleotide Polymorphism
1036,51.26,48.74,252,255,270,259,1.0434,36,60,1,Medium,Single Nucleotide Polymorphism
989,51.59,48.41,239,240,255,255,1.0647,17,59,0,Low,Wildtype
903,45.0,55.0,248,249,203,203,0.8169,21,54,1,High,Deletion
949,49.01,50.99,241,244,232,232,0.9567,18,60,0,Low,Wildtype
978,53.62,46.38,226,228,262,262,1.1542,19,61,0,Low,Wildtype
847,47.41,52.59,222,225,200,200,0.8949,24,54,1,High,Deletion
1025,54.22,45.78,234,231,308,252,1.2043,64,49,1,Critical,Frameshift Mutation
870,48.18,51.82,225,227,209,209,0.9248,18,55,1,High,Deletion
915,38.8,61.2,279,282,177,177,0.631,26,41,1,High,Deletion
1126,45.45,54.55,323,292,255,256,0.8309,27,62,1,Medium,Insertion
999,58.28,41.72,208,206,299,286,1.413,24,62,1,Medium,Single Nucleotide Polymorphism
1059,52.79,47.21,249,252,279,279,1.1138,22,58,0,Low,Wildtype
976,56.12,43.88,214,219,283,260,1.254,29,60,1,Medium,Single Nucleotide Polymorphism
1028,52.33,47.67,245,247,274,262,1.0894,31,58,1,Medium,Single Nucleotide Polymorphism
1034,49.57,50.43,260,262,256,256,0.9808,19,57,0,Low,Wildtype
1068,45.48,54.52,306,277,242,243,0.8319,27,61,1,Medium,Insertion
942,54.35,45.65,214,220,261,247,1.1705,27,59,1,Medium,Single Nucleotide Polymorphism
1005,54.19,45.81,230,231,272,272,1.18,19,58,0,Low,Wildtype
1065,52.39,47.61,253,256,278,278,1.0923,17,61,0,Low,Wildtype
1156,49.6,50.4,306,277,286,287,0.9828,35,61,1,Medium,Insertion
1028,52.27,47.73,245,247,268,268,1.0894,14,58,0,Low,Wildtype
872,50.15,49.85,217,219,218,218,1.0,31,49,1,High,Deletion
1005,58.84,41.16,206,202,307,290,1.4632,31,60,1,Medium,Single Nucleotide Polymorphism
991,62.16,37.84,187,190,318,296,1.6286,33,59,1,Medium,Single Nucleotide Polymorphism
932,56.02,43.98,204,200,274,254,1.3069,33,61,1,Medium,Single Nucleotide Polymorphism
863,48.42,51.58,222,225,208,208,0.9306,21,46,1,High,Deletion
1022,52.04,47.96,245,247,265,265,1.0772,12,60,0,Low,Wildtype
1123,47.42,52.58,310,281,266,266,0.9002,46,64,1,Medium,Insertion
972,55.88,44.12,214,211,282,265,1.2871,24,61,1,Medium,Single Nucleotide Polymorphism
1026,51.01,48.99,251,253,261,261,1.0357,19,56,0,Low,Wildtype
866,46.81,53.19,230,232,202,202,0.8745,22,51,1,High,Deletion
856,46.18,53.82,230,232,197,197,0.8528,18,55,1,High,Deletion
1178,49.28,50.72,314,284,290,290,0.9699,31,59,1,Medium,Insertion
874,38.49,61.51,268,270,168,168,0.6245,23,53,1,High,Deletion
933,46.21,53.79,250,253,215,215,0.8549,26,50,1,High,Deletion
1126,45.5,54.5,322,292,256,256,0.8339,35,64,1,Medium,Insertion
844,45.35,54.65,230,232,191,191,0.8268,17,45,1,High,Deletion
1144,52.13,47.87,288,260,298,298,1.0876,38,60,1,Medium,Insertion
1110,45.07,54.93,320,290,250,250,0.8197,30,65,1,Medium,Insertion
1144,44.56,55.44,333,302,254,255,0.8016,41,62,1,Medium,Insertion
910,48.99,51.01,232,234,222,222,0.9528,20,53,1,High,Deletion
1013,49.53,50.47,255,258,250,250,0.9747,17,58,0,Low,Wildtype
962,50.09,49.91,240,242,240,240,0.9959,29,50,1,High,Deletion
877,49.0,51.0,223,226,214,214,0.9532,31,50,1,High,Deletion
975,49.71,50.29,245,246,242,242,0.9857,21,58,0,Low,Wildtype
886,48.82,51.18,226,228,216,216,0.9515,18,53,1,High,Deletion
958,53.79,46.21,221,223,257,257,1.1577,15,56,0,Low,Wildtype
1000,54.37,45.63,228,230,271,271,1.1834,15,63,0,Low,Wildtype
1167,48.63,51.37,315,285,283,284,0.945,30,64,1,Medium,Insertion
1025,50.72,49.28,252,255,259,259,1.0217,23,58,0,Low,Wildtype
890,38.88,61.12,271,273,173,173,0.636,26,51,1,High,Deletion
890,41.33,58.67,261,263,183,183,0.6985,28,42,1,High,Deletion
1044,59.64,40.36,210,211,317,306,1.4798,35,59,1,Medium,Single Nucleotide Polymorphism
1034,52.36,47.64,246,248,270,270,1.0931,11,57,0,Low,Wildtype
970,51.5,48.5,235,237,249,249,1.0551,24,60,0,Low,Wildtype
1107,52.95,47.05,274,247,293,293,1.1248,38,61,1,Medium,Insertion
1009,56.0,44.0,221,219,313,256,1.2932,51,46,1,Critical,Frameshift Mutation
1053,47.93,52.07,288,261,252,252,0.918,36,61,1,Medium,Insertion
1020,51.0,49.0,249,251,260,260,1.04,14,60,0,Low,Wildtype
1086,53.9,46.1,263,238,292,293,1.1677,27,65,1,Medium,Insertion
962,51.89,48.11,231,228,260,243,1.0959,37,63,1,Medium,Single Nucleotide Polymorphism
912,51.33,48.67,221,223,234,234,1.0541,18,42,1,High,Deletion
988,52.47,47.53,234,236,259,259,1.1021,26,61,0,Low,Wildtype
924,44.82,55.18,254,256,207,207,0.8118,17,46,1,High,Deletion
967,55.07,44.93,217,216,279,255,1.2333,28,56,1,Medium,Single Nucleotide Polymorphism
1027,59.79,40.21,206,201,341,279,1.5233,34,44,1,Critical,Frameshift Mutation
1005,53.93,46.07,231,234,270,270,1.1613,15,58,0,Low,Wildtype
1082,53.14,46.86,266,241,287,288,1.1341,37,65,1,Medium,Insertion
986,68.18,31.82,156,152,373,305,2.2013,40,46,1,Critical,Frameshift Mutation
993,50.12,49.88,247,250,248,248,0.998,21,61,0,Low,Wildtype
980,62.49,37.51,183,179,340,278,1.7072,39,50,1,Critical,Frameshift Mutation
1096,47.44,52.56,303,274,259,260,0.8995,25,65,1,Medium,Insertion
933,51.2,48.8,227,230,238,238,1.0416,20,60,0,Low,Wildtype
988,49.81,50.19,247,249,246,246,0.9919,19,58,0,Low,Wildtype
1085,48.56,51.44,293,265,263,264,0.9444,29,62,1,Medium,Insertion
1006,51.0,49.0,246,248,256,256,1.0364,19,60,0,Low,Wildtype
1014,60.38,39.62,200,198,318,298,1.5477,31,62,1,Medium,Single Nucleotide Polymorphism
993,51.31,48.69,241,244,254,254,1.0474,17,61,0,Low,Wildtype
1117,47.79,52.21,306,277,266,268,0.916,30,64,1,Medium,Insertion
1019,49.96,50.04,254,257,254,254,0.9941,17,57,0,Low,Wildtype
936,47.66,52.34,244,246,223,223,0.9102,28,44,1,High,Deletion
1010,56.0,44.0,222,217,314,257,1.3007,39,39,1,Critical,Frameshift Mutation
991,57.07,42.93,212,208,314,257,1.3595,39,39,1,Critical,Frameshift Mutation
1162,51.61,48.39,295,267,299,301,1.0676,31,63,1,Medium,Insertion
1003,53.56,46.44,232,235,268,268,1.1478,21,58,0,Low,Wildtype
