kmer,frequency
AAA,5154
TTT,4165
AAT,3387
ATT,2966
ATA,2897
TAT,2645
TAA,2631
AGA,2500
GAA,2462
TTA,2422
ACA,2280
AAG,2250
ATG,2250
CAA,2176
TGA,2142
TCA,1979
TGT,1971
CAT,1940
TTG,1924
TCT,1906
TTC,1880
CTT,1851
AAC,1632
CAG,1612
ACT,1526
GAT,1468
CCA,1464
CTG,1456
AGT,1455
AGG,1421
GTT,1410
GAG,1369
TGG,1367
GGA,1351
ATC,1327
TAG,1311
GCA,1298
TGC,1298
CAC,1293
CCT,1275
CTC,1274
CTA,1273
TAC,1248
GTA,1243
TCC,1193
AGC,1166
GTG,1148
GCT,1147
CCC,1064
ACC,988
GCC,959
GGT,909
GAC,855
GGG,851
GGC,773
GTC,756
CCG,401
CGC,392
CGG,245
ACG,234
GCG,225
CGT,222
CGA,160
TCG,159
