codon,frequency
AAA,1718
TTT,1417
AAT,1101
ATA,971
ATT,926
TAA,907
TAT,877
AGA,823
TTA,813
ACA,810
GAA,809
AAG,776
ATG,736
TGA,724
CAA,694
TCA,689
TTG,684
TGT,662
TCT,662
TTC,649
CAT,633
CTT,568
AAC,561
CAG,558
CCA,512
ACT,509
GAT,506
AGT,482
GAG,466
TGG,465
CTG,461
TAG,461
AGG,454
TGC,454
CCT,449
GTT,431
CTA,425
ATC,424
GGA,424
GTA,416
CTC,414
CAC,412
GCA,408
TAC,406
AGC,385
TCC,378
GTG,373
GCT,372
CCC,362
ACC,333
GGT,318
GCC,297
GGG,290
GGC,270
GAC,258
GTC,244
CCG,144
CGC,133
CGG,89
ACG,81
CGT,77
GCG,73
CGA,57
TCG,51
